{
  "status": "ok",
  "scenario": "smart",
  "n_trades": 1106,
  "n_train": 884,
  "n_test": 222,
  "n_features": 685,
  "use_smart": true,
  "params": {
    "max_rules": 25,
    "max_depth": 4,
    "n_estimators": 300,
    "min_coverage": 10,
    "min_win_rate": 0.55,
    "train_test_split": 0.7
  },
  "xgb_metrics": {
    "accuracy": 0.6667,
    "precision": 0.6968,
    "recall": 0.8851,
    "f1": 0.7798,
    "roc_auc": 0.5623
  },
  "dt_metrics": {
    "accuracy": 0.6306,
    "precision": 0.723,
    "recall": 0.723,
    "f1": 0.723
  },
  "rules": [],
  "feature_importance": [
    [
      "H1_atr_7",
      0.007828
    ],
    [
      "M5_std_dev_50",
      0.006613
    ],
    [
      "H4_bb_20_2_width",
      0.00632
    ],
    [
      "M5_obv",
      0.006053
    ],
    [
      "H1_keltner_width",
      0.006021
    ],
    [
      "H1_awesome_oscillator",
      0.005462
    ],
    [
      "H4_bb_20_3_upper",
      0.005216
    ],
    [
      "H1_atr_50",
      0.005084
    ],
    [
      "D1_rsi_14",
      0.005049
    ],
    [
      "D1_rsi_21",
      0.004994
    ],
    [
      "M5_atr_7",
      0.004992
    ],
    [
      "D1_ema_9_distance",
      0.004967
    ],
    [
      "H1_cci_50",
      0.004892
    ],
    [
      "D1_vwap",
      0.004831
    ],
    [
      "M15_distance_to_fib_500",
      0.004828
    ],
    [
      "D1_obv",
      0.004522
    ],
    [
      "H1_bb_20_3_width",
      0.004467
    ],
    [
      "H1_sma_20_distance",
      0.004418
    ],
    [
      "M15_stoch_14_k",
      0.004399
    ],
    [
      "H1_ema_9_above_20",
      0.00437
    ]
  ]
}