open_time,close_time,Symbol,action,lots,SL,TP,entry_price,exit_price,pips,profit,Duration (DDHHMMSS),Change %,trade_id,M5_candle_idx,M5_candle_time,M15_candle_idx,M15_candle_time,H1_candle_idx,H1_candle_time,H4_candle_idx,H4_candle_time,D1_candle_idx,D1_candle_time
2026-03-10 08:24:00,2026-03-10 08:31:00,XAUUSD,Buy,100.0,5169.3,0.0,5160.22,5169.3,908.0,90350.0,00:00:07:00,1.6,0,361070.0,2026-03-10 08:20:00,120566.0,2026-03-10 08:15:00,30160.0,2026-03-10 08:00:00,7762.0,2026-03-10 08:00:00,1497.0,2026-03-10
2026-03-09 17:18:00,2026-03-09 17:19:00,XAUUSD,Buy,100.0,5096.41,0.0,5097.91,5096.41,-150.0,-15450.0,00:00:01:00,-0.27,1,360904.0,2026-03-09 17:15:00,120510.0,2026-03-09 17:15:00,30146.0,2026-03-09 17:00:00,7758.0,2026-03-09 16:00:00,1496.0,2026-03-09
2026-03-09 13:56:00,2026-03-09 13:57:00,XAUUSD,Buy,100.0,5096.5,0.0,5095.81,5096.5,69.0,6450.0,00:00:01:00,0.11,2,360864.0,2026-03-09 13:55:00,120496.0,2026-03-09 13:45:00,30142.0,2026-03-09 13:00:00,7757.0,2026-03-09 12:00:00,1496.0,2026-03-09
2026-03-09 10:46:00,2026-03-09 10:48:00,XAUUSD,Buy,100.0,5104.2,0.0,5098.61,5104.2,559.0,55450.0,00:00:02:00,0.99,3,360826.0,2026-03-09 10:45:00,120484.0,2026-03-09 10:45:00,30139.0,2026-03-09 10:00:00,7756.0,2026-03-09 08:00:00,1496.0,2026-03-09
2026-03-09 10:45:00,2026-03-09 10:45:00,XAUUSD,Buy,100.0,5103.07,0.0,5104.57,5103.07,-150.0,-15450.0,00:00:00:00,-0.28,4,360826.0,2026-03-09 10:45:00,120484.0,2026-03-09 10:45:00,30139.0,2026-03-09 10:00:00,7756.0,2026-03-09 08:00:00,1496.0,2026-03-09
2026-03-09 09:24:00,2026-03-09 09:25:00,XAUUSD,Buy,100.0,5097.9,0.0,5096.51,5097.9,139.0,13450.0,00:00:01:00,0.24,5,360809.0,2026-03-09 09:20:00,120478.0,2026-03-09 09:15:00,30138.0,2026-03-09 09:00:00,7756.0,2026-03-09 08:00:00,1496.0,2026-03-09
2026-03-09 06:58:00,2026-03-09 06:59:00,XAUUSD,Buy,100.0,5124.5,0.0,5121.71,5124.5,279.0,27450.0,00:00:01:00,0.49,6,360780.0,2026-03-09 06:55:00,120468.0,2026-03-09 06:45:00,30135.0,2026-03-09 06:00:00,7755.0,2026-03-09 04:00:00,1496.0,2026-03-09
2026-03-09 01:48:00,2026-03-09 01:49:00,XAUUSD,Buy,100.0,5045.4,0.0,5035.6,5045.4,980.0,97550.0,00:00:01:00,1.78,7,360718.0,2026-03-09 01:45:00,120448.0,2026-03-09 01:45:00,30130.0,2026-03-09 01:00:00,7754.0,2026-03-09 00:00:00,1496.0,2026-03-09
2026-03-08 23:42:00,2026-03-08 23:43:00,XAUUSD,Buy,100.0,5124.5,0.0,5117.51,5124.5,699.0,69450.0,00:00:01:00,1.28,8,,,,,,,,,,
2026-03-06 16:24:00,2026-03-06 16:25:00,XAUUSD,Buy,100.0,5139.11,0.0,5140.61,5139.11,-150.0,-15450.0,00:00:01:00,-0.28,9,360608.0,2026-03-06 16:20:00,120410.0,2026-03-06 16:15:00,30121.0,2026-03-06 16:00:00,7752.0,2026-03-06 16:00:00,1495.0,2026-03-06
2026-03-06 05:02:00,2026-03-06 05:06:00,XAUUSD,Buy,100.0,5129.4,0.0,5125.91,5129.4,349.0,34450.0,00:00:04:00,0.64,10,360472.0,2026-03-06 05:00:00,120365.0,2026-03-06 05:00:00,30110.0,2026-03-06 05:00:00,7749.0,2026-03-06 04:00:00,1495.0,2026-03-06
2026-03-06 01:14:00,2026-03-06 01:16:00,XAUUSD,Buy,100.0,5076.9,0.0,5077.61,5076.9,-71.0,-7550.0,00:00:02:00,-0.14,11,360426.0,2026-03-06 01:10:00,120349.0,2026-03-06 01:00:00,30106.0,2026-03-06 01:00:00,7748.0,2026-03-06 00:00:00,1495.0,2026-03-06
2026-03-05 15:27:00,2026-03-05 15:27:00,XAUUSD,Buy,100.0,5076.9,0.0,5076.21,5076.9,69.0,6450.0,00:00:00:00,0.12,12,360324.0,2026-03-05 15:25:00,120314.0,2026-03-05 15:15:00,30097.0,2026-03-05 15:00:00,7745.0,2026-03-05 12:00:00,1494.0,2026-03-05
2026-03-05 14:40:00,2026-03-05 14:41:00,XAUUSD,Buy,100.0,5107.0,0.0,5091.61,5107.0,1539.0,153450.0,00:00:01:00,2.93,13,360315.0,2026-03-05 14:40:00,120311.0,2026-03-05 14:30:00,30096.0,2026-03-05 14:00:00,7745.0,2026-03-05 12:00:00,1494.0,2026-03-05
2026-03-05 13:22:00,2026-03-05 13:22:00,XAUUSD,Buy,100.0,5113.91,0.0,5115.41,5113.91,-150.0,-15450.0,00:00:00:00,-0.29,14,360299.0,2026-03-05 13:20:00,120306.0,2026-03-05 13:15:00,30095.0,2026-03-05 13:00:00,7745.0,2026-03-05 12:00:00,1494.0,2026-03-05
2026-03-04 18:41:00,2026-03-04 18:45:00,XAUUSD,Buy,100.0,5124.5,0.0,5111.21,5124.5,1329.0,132450.0,00:00:04:00,2.59,15,360090.0,2026-03-04 18:40:00,120235.0,2026-03-04 18:30:00,30077.0,2026-03-04 18:00:00,7740.0,2026-03-04 16:00:00,1493.0,2026-03-04
2026-03-04 16:25:00,2026-03-04 16:26:00,XAUUSD,Buy,100.0,5151.1,0.0,5140.61,5151.1,1049.0,104450.0,00:00:01:00,2.08,16,360063.0,2026-03-04 16:25:00,120226.0,2026-03-04 16:15:00,30075.0,2026-03-04 16:00:00,7740.0,2026-03-04 16:00:00,1493.0,2026-03-04
2026-03-04 16:24:00,2026-03-04 16:24:00,XAUUSD,Buy,100.0,5140.11,0.0,5141.61,5140.11,-150.0,-15450.0,00:00:00:00,-0.31,17,360062.0,2026-03-04 16:20:00,120226.0,2026-03-04 16:15:00,30075.0,2026-03-04 16:00:00,7740.0,2026-03-04 16:00:00,1493.0,2026-03-04
2026-03-04 13:57:00,2026-03-04 13:58:00,XAUUSD,Buy,100.0,5174.9,0.0,5174.92,5174.9,-2.0,-650.0,00:00:01:00,-0.01,18,360033.0,2026-03-04 13:55:00,120216.0,2026-03-04 13:45:00,30072.0,2026-03-04 13:00:00,7739.0,2026-03-04 12:00:00,1493.0,2026-03-04
2026-03-04 08:56:00,2026-03-04 08:56:00,XAUUSD,Buy,100.0,5171.4,0.0,5171.42,5171.4,-2.0,-650.0,00:00:00:00,-0.01,19,359973.0,2026-03-04 08:55:00,120196.0,2026-03-04 08:45:00,30067.0,2026-03-04 08:00:00,7738.0,2026-03-04 08:00:00,1493.0,2026-03-04
2026-03-04 02:50:00,2026-03-04 02:51:00,XAUUSD,Buy,100.0,5170.0,0.0,5165.12,5170.0,488.0,48350.0,00:00:01:00,0.97,20,359900.0,2026-03-04 02:50:00,120172.0,2026-03-04 02:45:00,30061.0,2026-03-04 02:00:00,7736.0,2026-03-04 00:00:00,1493.0,2026-03-04
2026-03-03 17:02:00,2026-03-03 17:03:00,XAUUSD,Buy,100.0,5094.4,0.0,5087.41,5094.4,699.0,69450.0,00:00:01:00,1.41,21,359797.0,2026-03-03 17:00:00,120137.0,2026-03-03 17:00:00,30053.0,2026-03-03 17:00:00,7734.0,2026-03-03 16:00:00,1492.0,2026-03-03
2026-03-03 16:40:00,2026-03-03 16:40:00,XAUUSD,Buy,100.0,5124.5,0.0,5119.61,5124.5,489.0,48450.0,00:00:00:00,1.0,22,359793.0,2026-03-03 16:40:00,120135.0,2026-03-03 16:30:00,30052.0,2026-03-03 16:00:00,7734.0,2026-03-03 16:00:00,1492.0,2026-03-03
2026-03-03 16:13:00,2026-03-03 16:14:00,XAUUSD,Buy,100.0,5106.3,0.0,5102.81,5106.3,349.0,34450.0,00:00:01:00,0.71,23,359787.0,2026-03-03 16:10:00,120133.0,2026-03-03 16:00:00,30052.0,2026-03-03 16:00:00,7734.0,2026-03-03 16:00:00,1492.0,2026-03-03
2026-03-03 15:09:00,2026-03-03 15:09:00,XAUUSD,Buy,100.0,5054.5,0.0,5049.6,5054.5,490.0,48550.0,00:00:00:00,1.02,24,359774.0,2026-03-03 15:05:00,120129.0,2026-03-03 15:00:00,30051.0,2026-03-03 15:00:00,7733.0,2026-03-03 12:00:00,1492.0,2026-03-03
2026-03-03 14:42:00,2026-03-03 14:42:00,XAUUSD,Buy,100.0,5086.7,0.0,5084.61,5086.7,209.0,20450.0,00:00:00:00,0.43,25,359769.0,2026-03-03 14:40:00,120127.0,2026-03-03 14:30:00,30050.0,2026-03-03 14:00:00,7733.0,2026-03-03 12:00:00,1492.0,2026-03-03
2026-03-03 11:08:00,2026-03-03 11:08:00,XAUUSD,Buy,100.0,5216.2,0.0,5209.22,5216.2,698.0,69350.0,00:00:00:00,1.48,26,359726.0,2026-03-03 11:05:00,120113.0,2026-03-03 11:00:00,30047.0,2026-03-03 11:00:00,7732.0,2026-03-03 08:00:00,1492.0,2026-03-03
2026-03-03 11:06:00,2026-03-03 11:06:00,XAUUSD,Buy,100.0,5246.22,0.0,5247.72,5246.22,-150.0,-15450.0,00:00:00:00,-0.33,27,359726.0,2026-03-03 11:05:00,120113.0,2026-03-03 11:00:00,30047.0,2026-03-03 11:00:00,7732.0,2026-03-03 08:00:00,1492.0,2026-03-03
2026-03-03 10:09:00,2026-03-03 10:10:00,XAUUSD,Buy,100.0,5273.6,0.0,5272.23,5273.6,137.0,13250.0,00:00:01:00,0.28,28,359714.0,2026-03-03 10:05:00,120109.0,2026-03-03 10:00:00,30046.0,2026-03-03 10:00:00,7732.0,2026-03-03 08:00:00,1492.0,2026-03-03
2026-03-03 10:08:00,2026-03-03 10:08:00,XAUUSD,Buy,100.0,5274.53,0.0,5276.03,5274.53,-150.0,-15450.0,00:00:00:00,-0.33,29,359714.0,2026-03-03 10:05:00,120109.0,2026-03-03 10:00:00,30046.0,2026-03-03 10:00:00,7732.0,2026-03-03 08:00:00,1492.0,2026-03-03
2026-03-03 05:33:00,2026-03-03 05:33:00,XAUUSD,Buy,100.0,5348.5,0.0,5348.53,5348.5,-3.0,-750.0,00:00:00:00,-0.02,30,359659.0,2026-03-03 05:30:00,120091.0,2026-03-03 05:30:00,30041.0,2026-03-03 05:00:00,7731.0,2026-03-03 04:00:00,1492.0,2026-03-03
2026-03-03 05:17:00,2026-03-03 05:18:00,XAUUSD,Buy,100.0,5354.74,0.0,5356.24,5354.74,-150.0,-15450.0,00:00:01:00,-0.33,31,359656.0,2026-03-03 05:15:00,120090.0,2026-03-03 05:15:00,30041.0,2026-03-03 05:00:00,7731.0,2026-03-03 04:00:00,1492.0,2026-03-03
2026-03-03 01:56:00,2026-03-03 01:56:00,XAUUSD,Buy,100.0,5350.6,0.0,5350.64,5350.6,-4.0,-850.0,00:00:00:00,-0.02,32,359616.0,2026-03-03 01:55:00,120076.0,2026-03-03 01:45:00,30037.0,2026-03-03 01:00:00,7730.0,2026-03-03 00:00:00,1492.0,2026-03-03
2026-03-03 01:48:00,2026-03-03 01:49:00,XAUUSD,Buy,100.0,5352.0,0.0,5346.43,5352.0,557.0,55250.0,00:00:01:00,1.18,33,359614.0,2026-03-03 01:45:00,120076.0,2026-03-03 01:45:00,30037.0,2026-03-03 01:00:00,7730.0,2026-03-03 00:00:00,1492.0,2026-03-03
2026-03-02 15:59:00,2026-03-02 16:00:00,XAUUSD,Buy,100.0,5317.0,0.0,5310.03,5317.0,697.0,69250.0,00:00:01:00,1.51,34,359511.0,2026-03-02 15:55:00,120040.0,2026-03-02 15:45:00,30028.0,2026-03-02 15:00:00,7727.0,2026-03-02 12:00:00,1491.0,2026-03-02
2026-03-02 14:23:00,2026-03-02 14:24:00,XAUUSD,Buy,100.0,5352.0,0.0,5349.93,5352.0,207.0,20250.0,00:00:01:00,0.44,35,359492.0,2026-03-02 14:20:00,120034.0,2026-03-02 14:15:00,30027.0,2026-03-02 14:00:00,7727.0,2026-03-02 12:00:00,1491.0,2026-03-02
2026-03-02 10:52:00,2026-03-02 10:53:00,XAUUSD,Buy,100.0,5391.9,0.0,5391.94,5391.9,-4.0,-850.0,00:00:01:00,-0.02,36,359450.0,2026-03-02 10:50:00,120020.0,2026-03-02 10:45:00,30023.0,2026-03-02 10:00:00,7726.0,2026-03-02 08:00:00,1491.0,2026-03-02
2026-03-02 10:03:00,2026-03-02 10:03:00,XAUUSD,Buy,100.0,5385.6,0.0,5385.64,5385.6,-4.0,-850.0,00:00:00:00,-0.02,37,359440.0,2026-03-02 10:00:00,120017.0,2026-03-02 10:00:00,30023.0,2026-03-02 10:00:00,7726.0,2026-03-02 08:00:00,1491.0,2026-03-02
2026-03-02 00:18:00,2026-03-02 00:18:00,XAUUSD,Buy,100.0,5364.6,0.0,5361.14,5364.6,346.0,34150.0,00:00:00:00,0.75,38,,,,,,,7724.0,2026-03-02 00:00:00,1491.0,2026-03-02
2026-02-27 16:23:00,2026-02-27 16:23:00,XAUUSD,Buy,100.0,5235.72,0.0,5237.22,5235.72,-150.0,-15450.0,00:00:00:00,-0.34,39,359243.0,2026-02-27 16:20:00,119950.0,2026-02-27 16:15:00,30006.0,2026-02-27 16:00:00,7722.0,2026-02-27 16:00:00,1490.0,2026-02-27
2026-02-27 15:18:00,2026-02-27 15:18:00,XAUUSD,Buy,100.0,5227.32,0.0,5228.82,5227.32,-150.0,-15450.0,00:00:00:00,-0.34,40,359230.0,2026-02-27 15:15:00,119946.0,2026-02-27 15:15:00,30005.0,2026-02-27 15:00:00,7721.0,2026-02-27 12:00:00,1490.0,2026-02-27
2026-02-27 07:17:00,2026-02-27 07:19:00,XAUUSD,Buy,100.0,5179.1,0.0,5179.82,5179.1,-72.0,-7650.0,00:00:02:00,-0.17,41,359134.0,2026-02-27 07:15:00,119914.0,2026-02-27 07:15:00,29997.0,2026-02-27 07:00:00,7719.0,2026-02-27 04:00:00,1490.0,2026-02-27
2026-02-26 17:19:00,2026-02-26 17:21:00,XAUUSD,Buy,100.0,5179.8,0.0,5177.72,5179.8,208.0,20350.0,00:00:02:00,0.45,42,358981.0,2026-02-26 17:15:00,119862.0,2026-02-26 17:15:00,29984.0,2026-02-26 17:00:00,7716.0,2026-02-26 16:00:00,1489.0,2026-02-26
2026-02-26 17:17:00,2026-02-26 17:18:00,XAUUSD,Buy,100.0,5177.66,0.0,5179.16,5177.66,-150.0,-15450.0,00:00:01:00,-0.34,43,358981.0,2026-02-26 17:15:00,119862.0,2026-02-26 17:15:00,29984.0,2026-02-26 17:00:00,7716.0,2026-02-26 16:00:00,1489.0,2026-02-26
2026-02-26 13:12:00,2026-02-26 13:13:00,XAUUSD,Buy,100.0,5171.4,0.0,5170.72,5171.4,68.0,6350.0,00:00:01:00,0.14,44,358932.0,2026-02-26 13:10:00,119845.0,2026-02-26 13:00:00,29980.0,2026-02-26 13:00:00,7715.0,2026-02-26 12:00:00,1489.0,2026-02-26
2026-02-26 08:30:00,2026-02-26 08:31:00,XAUUSD,Buy,100.0,5179.1,0.0,5177.72,5179.1,138.0,13350.0,00:00:01:00,0.29,45,358876.0,2026-02-26 08:30:00,119827.0,2026-02-26 08:30:00,29975.0,2026-02-26 08:00:00,7714.0,2026-02-26 08:00:00,1489.0,2026-02-26
2026-02-25 12:36:00,2026-02-25 12:48:00,XAUUSD,Buy,100.0,5184.0,0.0,5178.42,5184.0,558.0,55350.0,00:00:12:00,1.23,46,358652.0,2026-02-25 12:35:00,119751.0,2026-02-25 12:30:00,29956.0,2026-02-25 12:00:00,7709.0,2026-02-25 12:00:00,1488.0,2026-02-25
2026-02-25 06:09:00,2026-02-25 06:12:00,XAUUSD,Buy,100.0,5188.9,0.0,5184.72,5188.9,418.0,41350.0,00:00:03:00,0.93,47,358574.0,2026-02-25 06:05:00,119725.0,2026-02-25 06:00:00,29950.0,2026-02-25 06:00:00,7707.0,2026-02-25 04:00:00,1488.0,2026-02-25
2026-02-25 06:08:00,2026-02-25 06:08:00,XAUUSD,Buy,100.0,5187.78,0.0,5189.28,5187.78,-150.0,-15450.0,00:00:00:00,-0.34,48,358574.0,2026-02-25 06:05:00,119725.0,2026-02-25 06:00:00,29950.0,2026-02-25 06:00:00,7707.0,2026-02-25 04:00:00,1488.0,2026-02-25
2026-02-25 06:04:00,2026-02-25 06:05:00,XAUUSD,Buy,100.0,5193.72,0.0,5195.22,5193.72,-150.0,-15450.0,00:00:01:00,-0.34,49,358573.0,2026-02-25 06:00:00,119725.0,2026-02-25 06:00:00,29950.0,2026-02-25 06:00:00,7707.0,2026-02-25 04:00:00,1488.0,2026-02-25
2026-02-24 19:24:00,2026-02-24 19:30:00,XAUUSD,Buy,100.0,5151.8,0.0,5147.61,5151.8,419.0,41450.0,00:00:06:00,0.93,50,358460.0,2026-02-24 19:20:00,119686.0,2026-02-24 19:15:00,29940.0,2026-02-24 19:00:00,7704.0,2026-02-24 16:00:00,1487.0,2026-02-24
2026-02-24 16:48:00,2026-02-24 16:49:00,XAUUSD,Buy,100.0,5136.31,0.0,5137.81,5136.31,-150.0,-15450.0,00:00:01:00,-0.35,51,358429.0,2026-02-24 16:45:00,119676.0,2026-02-24 16:45:00,29937.0,2026-02-24 16:00:00,7704.0,2026-02-24 16:00:00,1487.0,2026-02-24
2026-02-24 12:20:00,2026-02-24 12:23:00,XAUUSD,Buy,100.0,5158.8,0.0,5149.01,5158.8,979.0,97450.0,00:00:03:00,2.28,52,358376.0,2026-02-24 12:20:00,119658.0,2026-02-24 12:15:00,29933.0,2026-02-24 12:00:00,7703.0,2026-02-24 12:00:00,1487.0,2026-02-24
2026-02-24 12:20:00,2026-02-24 12:23:00,XAUUSD,Buy,100.0,5158.8,0.0,5149.01,5158.8,979.0,97450.0,00:00:03:00,2.23,53,358376.0,2026-02-24 12:20:00,119658.0,2026-02-24 12:15:00,29933.0,2026-02-24 12:00:00,7703.0,2026-02-24 12:00:00,1487.0,2026-02-24
2026-02-24 01:26:00,2026-02-24 01:27:00,XAUUSD,Buy,100.0,5157.4,0.0,5151.12,5157.4,628.0,62350.0,00:00:01:00,1.48,54,358245.0,2026-02-24 01:25:00,119614.0,2026-02-24 01:15:00,29922.0,2026-02-24 01:00:00,7700.0,2026-02-24 00:00:00,1487.0,2026-02-24
2026-02-23 17:37:00,2026-02-23 17:37:00,XAUUSD,Buy,100.0,5195.12,0.0,5196.62,5195.12,-150.0,-15450.0,00:00:00:00,-0.37,55,358166.0,2026-02-23 17:35:00,119587.0,2026-02-23 17:30:00,29915.0,2026-02-23 17:00:00,7698.0,2026-02-23 16:00:00,1486.0,2026-02-23
2026-02-23 08:26:00,2026-02-23 08:28:00,XAUUSD,Buy,100.0,5128.7,0.0,5128.71,5128.7,-1.0,-550.0,00:00:02:00,-0.01,56,358056.0,2026-02-23 08:25:00,119550.0,2026-02-23 08:15:00,29906.0,2026-02-23 08:00:00,7696.0,2026-02-23 08:00:00,1486.0,2026-02-23
2026-02-20 17:22:00,2026-02-20 17:24:00,XAUUSD,Buy,100.0,5057.3,0.0,5056.61,5057.3,69.0,6450.0,00:00:02:00,0.15,57,357890.0,2026-02-20 17:20:00,119494.0,2026-02-20 17:15:00,29892.0,2026-02-20 17:00:00,7692.0,2026-02-20 16:00:00,1485.0,2026-02-20
2026-02-20 12:32:00,2026-02-20 12:34:00,XAUUSD,Buy,100.0,5020.9,0.0,5009.7,5020.9,1120.0,111550.0,00:00:02:00,2.71,58,357832.0,2026-02-20 12:30:00,119475.0,2026-02-20 12:30:00,29887.0,2026-02-20 12:00:00,7691.0,2026-02-20 12:00:00,1485.0,2026-02-20
2026-02-20 09:33:00,2026-02-20 09:35:00,XAUUSD,Buy,100.0,5034.2,0.0,5032.8,5034.2,140.0,13550.0,00:00:02:00,0.33,59,357796.0,2026-02-20 09:30:00,119463.0,2026-02-20 09:30:00,29884.0,2026-02-20 09:00:00,7690.0,2026-02-20 08:00:00,1485.0,2026-02-20
2026-02-20 07:00:00,2026-02-20 07:01:00,XAUUSD,Buy,100.0,5019.4,0.0,5020.9,5019.4,-150.0,-15450.0,00:00:01:00,-0.38,60,357766.0,2026-02-20 07:00:00,119453.0,2026-02-20 07:00:00,29882.0,2026-02-20 07:00:00,7689.0,2026-02-20 04:00:00,1485.0,2026-02-20
2026-02-19 18:01:00,2026-02-19 18:02:00,XAUUSD,Buy,100.0,4985.9,0.0,4983.8,4985.9,210.0,20550.0,00:00:01:00,0.5,61,357625.0,2026-02-19 18:00:00,119405.0,2026-02-19 18:00:00,29870.0,2026-02-19 18:00:00,7686.0,2026-02-19 16:00:00,1484.0,2026-02-19
2026-02-19 17:32:00,2026-02-19 17:34:00,XAUUSD,Buy,100.0,4994.3,0.0,4992.9,4994.3,140.0,13550.0,00:00:02:00,0.33,62,357619.0,2026-02-19 17:30:00,119403.0,2026-02-19 17:30:00,29869.0,2026-02-19 17:00:00,7686.0,2026-02-19 16:00:00,1484.0,2026-02-19
2026-02-19 14:04:00,2026-02-19 14:04:00,XAUUSD,Buy,100.0,4986.5,0.0,4988.0,4986.5,-150.0,-15450.0,00:00:00:00,-0.38,63,357577.0,2026-02-19 14:00:00,119389.0,2026-02-19 14:00:00,29866.0,2026-02-19 14:00:00,7685.0,2026-02-19 12:00:00,1484.0,2026-02-19
2026-02-19 10:04:00,2026-02-19 10:06:00,XAUUSD,Buy,100.0,4992.2,0.0,4991.5,4992.2,70.0,6550.0,00:00:02:00,0.16,64,357529.0,2026-02-19 10:00:00,119373.0,2026-02-19 10:00:00,29862.0,2026-02-19 10:00:00,7684.0,2026-02-19 08:00:00,1484.0,2026-02-19
2026-02-17 23:51:00,2026-02-17 23:52:00,XAUUSD,Buy,100.0,4862.7,0.0,4860.59,4862.7,211.0,20650.0,00:00:01:00,0.51,65,357148.0,2026-02-17 23:45:00,119244.0,2026-02-17 23:45:00,29829.0,2026-02-17 23:00:00,7675.0,2026-02-17 20:00:00,1482.0,2026-02-17
2026-02-17 23:50:00,2026-02-17 23:50:00,XAUUSD,Buy,100.0,4864.37,0.0,4865.87,4864.37,-150.0,-15450.0,00:00:00:00,-0.38,66,357148.0,2026-02-17 23:45:00,119244.0,2026-02-17 23:45:00,29829.0,2026-02-17 23:00:00,7675.0,2026-02-17 20:00:00,1482.0,2026-02-17
2026-02-17 19:32:00,2026-02-17 19:38:00,XAUUSD,Buy,100.0,4885.8,0.0,4878.79,4885.8,701.0,69650.0,00:00:06:00,1.74,67,357097.0,2026-02-17 19:30:00,119227.0,2026-02-17 19:30:00,29825.0,2026-02-17 19:00:00,7674.0,2026-02-17 16:00:00,1482.0,2026-02-17
2026-02-17 19:02:00,2026-02-17 19:03:00,XAUUSD,Buy,100.0,4899.8,0.0,4896.99,4899.8,281.0,27650.0,00:00:01:00,0.69,68,357091.0,2026-02-17 19:00:00,119225.0,2026-02-17 19:00:00,29825.0,2026-02-17 19:00:00,7674.0,2026-02-17 16:00:00,1482.0,2026-02-17
2026-02-17 19:01:00,2026-02-17 19:01:00,XAUUSD,Buy,100.0,4896.59,0.0,4898.09,4896.59,-150.0,-15450.0,00:00:00:00,-0.39,69,357091.0,2026-02-17 19:00:00,119225.0,2026-02-17 19:00:00,29825.0,2026-02-17 19:00:00,7674.0,2026-02-17 16:00:00,1482.0,2026-02-17
2026-02-17 15:31:00,2026-02-17 15:32:00,XAUUSD,Buy,100.0,4861.3,0.0,4859.19,4861.3,211.0,20650.0,00:00:01:00,0.52,70,357049.0,2026-02-17 15:30:00,119211.0,2026-02-17 15:30:00,29821.0,2026-02-17 15:00:00,7673.0,2026-02-17 12:00:00,1482.0,2026-02-17
2026-02-16 08:13:00,2026-02-16 08:13:00,XAUUSD,Buy,100.0,5001.2,0.0,5002.7,5001.2,-150.0,-15450.0,00:00:00:00,-0.39,71,356715.0,2026-02-16 08:10:00,119098.0,2026-02-16 08:00:00,29793.0,2026-02-16 08:00:00,7666.0,2026-02-16 08:00:00,1481.0,2026-02-16
2026-02-13 17:11:00,2026-02-13 17:15:00,XAUUSD,Buy,100.0,5013.9,0.0,5011.8,5013.9,210.0,20550.0,00:00:04:00,0.52,72,356550.0,2026-02-13 17:10:00,119042.0,2026-02-13 17:00:00,29779.0,2026-02-13 17:00:00,7662.0,2026-02-13 16:00:00,1480.0,2026-02-13
2026-02-13 13:46:00,2026-02-13 13:46:00,XAUUSD,Buy,100.0,4981.6,0.0,4983.1,4981.6,-150.0,-15450.0,00:00:00:00,-0.39,73,356509.0,2026-02-13 13:45:00,119029.0,2026-02-13 13:45:00,29775.0,2026-02-13 13:00:00,7661.0,2026-02-13 12:00:00,1480.0,2026-02-13
2026-02-13 13:33:00,2026-02-13 13:35:00,XAUUSD,Buy,100.0,4995.0,0.0,4983.1,4995.0,1190.0,118550.0,00:00:02:00,3.06,74,356506.0,2026-02-13 13:30:00,119028.0,2026-02-13 13:30:00,29775.0,2026-02-13 13:00:00,7661.0,2026-02-13 12:00:00,1480.0,2026-02-13
2026-02-13 11:32:00,2026-02-13 11:36:00,XAUUSD,Buy,100.0,4946.7,0.0,4936.19,4946.7,1051.0,104650.0,00:00:04:00,2.78,75,356482.0,2026-02-13 11:30:00,119020.0,2026-02-13 11:30:00,29773.0,2026-02-13 11:00:00,7660.0,2026-02-13 08:00:00,1480.0,2026-02-13
2026-02-13 10:37:00,2026-02-13 10:41:00,XAUUSD,Buy,100.0,4969.0,0.0,4970.5,4969.0,-150.0,-15450.0,00:00:04:00,-0.41,76,356471.0,2026-02-13 10:35:00,119016.0,2026-02-13 10:30:00,29772.0,2026-02-13 10:00:00,7660.0,2026-02-13 08:00:00,1480.0,2026-02-13
2026-02-13 03:25:00,2026-02-13 03:27:00,XAUUSD,Buy,100.0,4978.2,0.0,4974.7,4978.2,350.0,34550.0,00:00:02:00,0.92,77,356385.0,2026-02-13 03:25:00,118987.0,2026-02-13 03:15:00,29765.0,2026-02-13 03:00:00,7658.0,2026-02-13 00:00:00,1480.0,2026-02-13
2026-02-11 18:14:00,2026-02-11 18:15:00,XAUUSD,Buy,100.0,5073.4,0.0,5069.21,5073.4,419.0,41450.0,00:00:01:00,1.12,78,356016.0,2026-02-11 18:10:00,118862.0,2026-02-11 18:00:00,29734.0,2026-02-11 18:00:00,7650.0,2026-02-11 16:00:00,1478.0,2026-02-11
2026-02-11 12:36:00,2026-02-11 12:38:00,XAUUSD,Buy,100.0,5085.3,0.0,5082.51,5085.3,279.0,27450.0,00:00:02:00,0.75,79,355949.0,2026-02-11 12:35:00,118840.0,2026-02-11 12:30:00,29728.0,2026-02-11 12:00:00,7649.0,2026-02-11 12:00:00,1478.0,2026-02-11
2026-02-11 12:05:00,2026-02-11 12:06:00,XAUUSD,Buy,100.0,5104.81,0.0,5106.31,5104.81,-150.0,-15450.0,00:00:01:00,-0.42,80,355943.0,2026-02-11 12:05:00,118838.0,2026-02-11 12:00:00,29728.0,2026-02-11 12:00:00,7649.0,2026-02-11 12:00:00,1478.0,2026-02-11
2026-02-11 09:55:00,2026-02-11 10:02:00,XAUUSD,Buy,100.0,5064.3,0.0,5061.51,5064.3,279.0,27450.0,00:00:07:00,0.75,81,355917.0,2026-02-11 09:55:00,118829.0,2026-02-11 09:45:00,29725.0,2026-02-11 09:00:00,7648.0,2026-02-11 08:00:00,1478.0,2026-02-11
2026-02-10 17:57:00,2026-02-10 17:59:00,XAUUSD,Buy,100.0,5027.2,0.0,5027.2,5027.2,0.0,-450.0,00:00:02:00,-0.01,82,355740.0,2026-02-10 17:55:00,118769.0,2026-02-10 17:45:00,29710.0,2026-02-10 17:00:00,7644.0,2026-02-10 16:00:00,1477.0,2026-02-10
2026-02-10 14:39:00,2026-02-10 14:40:00,XAUUSD,Buy,100.0,5063.6,0.0,5061.51,5063.6,209.0,20450.0,00:00:01:00,0.56,83,355700.0,2026-02-10 14:35:00,118756.0,2026-02-10 14:30:00,29707.0,2026-02-10 14:00:00,7643.0,2026-02-10 12:00:00,1477.0,2026-02-10
2026-02-09 20:37:00,2026-02-09 20:39:00,XAUUSD,Buy,100.0,5076.2,0.0,5074.81,5076.2,139.0,13450.0,00:00:02:00,0.37,84,355499.0,2026-02-09 20:35:00,118688.0,2026-02-09 20:30:00,29690.0,2026-02-09 20:00:00,7639.0,2026-02-09 20:00:00,1476.0,2026-02-09
2026-02-09 11:00:00,2026-02-09 11:01:00,XAUUSD,Buy,100.0,4990.8,0.0,4990.1,4990.8,70.0,6550.0,00:00:01:00,0.18,85,355384.0,2026-02-09 11:00:00,118650.0,2026-02-09 11:00:00,29681.0,2026-02-09 11:00:00,7636.0,2026-02-09 08:00:00,1476.0,2026-02-09
2026-02-09 10:28:00,2026-02-09 10:29:00,XAUUSD,Buy,100.0,4991.5,0.0,4988.0,4991.5,350.0,34550.0,00:00:01:00,0.96,86,355377.0,2026-02-09 10:25:00,118647.0,2026-02-09 10:15:00,29680.0,2026-02-09 10:00:00,7636.0,2026-02-09 08:00:00,1476.0,2026-02-09
2026-02-09 09:38:00,2026-02-09 09:38:00,XAUUSD,Buy,100.0,5015.9,0.0,5017.4,5015.9,-150.0,-15450.0,00:00:00:00,-0.43,87,355367.0,2026-02-09 09:35:00,118644.0,2026-02-09 09:30:00,29679.0,2026-02-09 09:00:00,7636.0,2026-02-09 08:00:00,1476.0,2026-02-09
2026-02-09 05:46:00,2026-02-09 05:48:00,XAUUSD,Buy,100.0,5027.9,0.0,5026.5,5027.9,140.0,13550.0,00:00:02:00,0.38,88,355321.0,2026-02-09 05:45:00,118629.0,2026-02-09 05:45:00,29675.0,2026-02-09 05:00:00,7635.0,2026-02-09 04:00:00,1476.0,2026-02-09
2026-02-09 03:58:00,2026-02-09 04:00:00,XAUUSD,Buy,100.0,5015.3,0.0,5014.6,5015.3,70.0,6550.0,00:00:02:00,0.18,89,355299.0,2026-02-09 03:55:00,118621.0,2026-02-09 03:45:00,29673.0,2026-02-09 03:00:00,7634.0,2026-02-09 00:00:00,1476.0,2026-02-09
2026-02-09 00:49:00,2026-02-09 00:49:00,XAUUSD,Buy,100.0,5013.1,0.0,5014.6,5013.1,-150.0,-15450.0,00:00:00:00,-0.43,90,,,,,,,7634.0,2026-02-09 00:00:00,1476.0,2026-02-09
2026-02-06 16:17:00,2026-02-06 16:19:00,XAUUSD,Buy,100.0,4943.9,0.0,4933.39,4943.9,1051.0,104650.0,00:00:02:00,2.99,91,355174.0,2026-02-06 16:15:00,118579.0,2026-02-06 16:15:00,29663.0,2026-02-06 16:00:00,7632.0,2026-02-06 16:00:00,1475.0,2026-02-06
2026-02-06 14:41:00,2026-02-06 14:41:00,XAUUSD,Buy,100.0,4929.09,0.0,4930.59,4929.09,-150.0,-15450.0,00:00:00:00,-0.44,92,355155.0,2026-02-06 14:40:00,118572.0,2026-02-06 14:30:00,29661.0,2026-02-06 14:00:00,7631.0,2026-02-06 12:00:00,1475.0,2026-02-06
2026-02-06 06:35:00,2026-02-06 06:35:00,XAUUSD,Buy,100.0,4844.38,0.0,4845.88,4844.38,-150.0,-15450.0,00:00:00:00,-0.44,93,355058.0,2026-02-06 06:35:00,118540.0,2026-02-06 06:30:00,29653.0,2026-02-06 06:00:00,7629.0,2026-02-06 04:00:00,1475.0,2026-02-06
2026-02-06 03:00:00,2026-02-06 03:00:00,XAUUSD,Buy,100.0,4816.38,0.0,4817.88,4816.38,-150.0,-15450.0,00:00:00:00,-0.44,94,355015.0,2026-02-06 03:00:00,118526.0,2026-02-06 03:00:00,29650.0,2026-02-06 03:00:00,7628.0,2026-02-06 00:00:00,1475.0,2026-02-06
2026-02-05 23:45:00,2026-02-05 23:45:00,XAUUSD,Buy,100.0,4740.77,0.0,4742.27,4740.77,-150.0,-15450.0,00:00:00:00,-0.43,95,354991.0,2026-02-05 23:45:00,118517.0,2026-02-05 23:45:00,29647.0,2026-02-05 23:00:00,7627.0,2026-02-05 20:00:00,1474.0,2026-02-05
2026-02-05 18:56:00,2026-02-05 18:57:00,XAUUSD,Buy,100.0,4854.3,0.0,4854.29,4854.3,1.0,-350.0,00:00:01:00,-0.01,96,354933.0,2026-02-05 18:55:00,118497.0,2026-02-05 18:45:00,29642.0,2026-02-05 18:00:00,7626.0,2026-02-05 16:00:00,1474.0,2026-02-05
2026-02-05 13:59:00,2026-02-05 14:00:00,XAUUSD,Buy,100.0,4833.3,0.0,4829.08,4833.3,422.0,41750.0,00:00:01:00,1.19,97,354873.0,2026-02-05 13:55:00,118477.0,2026-02-05 13:45:00,29637.0,2026-02-05 13:00:00,7625.0,2026-02-05 12:00:00,1474.0,2026-02-05
2026-02-05 10:55:00,2026-02-05 10:56:00,XAUUSD,Buy,100.0,4875.3,0.0,4873.89,4875.3,141.0,13650.0,00:00:01:00,0.39,98,354837.0,2026-02-05 10:55:00,118465.0,2026-02-05 10:45:00,29634.0,2026-02-05 10:00:00,7624.0,2026-02-05 08:00:00,1474.0,2026-02-05
2026-02-05 09:52:00,2026-02-05 09:52:00,XAUUSD,Buy,100.0,4868.19,0.0,4869.69,4868.19,-150.0,-15450.0,00:00:00:00,-0.44,99,354824.0,2026-02-05 09:50:00,118461.0,2026-02-05 09:45:00,29633.0,2026-02-05 09:00:00,7624.0,2026-02-05 08:00:00,1474.0,2026-02-05
2026-02-05 09:15:00,2026-02-05 09:16:00,XAUUSD,Buy,100.0,4866.2,0.0,4864.79,4866.2,141.0,13650.0,00:00:01:00,0.39,100,354817.0,2026-02-05 09:15:00,118459.0,2026-02-05 09:15:00,29633.0,2026-02-05 09:00:00,7624.0,2026-02-05 08:00:00,1474.0,2026-02-05
2026-02-05 05:57:00,2026-02-05 05:57:00,XAUUSD,Buy,100.0,4891.4,0.0,4890.69,4891.4,71.0,6650.0,00:00:00:00,0.19,101,354777.0,2026-02-05 05:55:00,118445.0,2026-02-05 05:45:00,29629.0,2026-02-05 05:00:00,7623.0,2026-02-05 04:00:00,1474.0,2026-02-05
2026-02-05 05:48:00,2026-02-05 05:49:00,XAUUSD,Buy,100.0,4895.6,0.0,4889.29,4895.6,631.0,62650.0,00:00:01:00,1.82,102,354775.0,2026-02-05 05:45:00,118445.0,2026-02-05 05:45:00,29629.0,2026-02-05 05:00:00,7623.0,2026-02-05 04:00:00,1474.0,2026-02-05
2026-02-05 05:15:00,2026-02-05 05:15:00,XAUUSD,Buy,100.0,4854.3,0.0,4850.79,4854.3,351.0,34650.0,00:00:00:00,1.02,103,354769.0,2026-02-05 05:15:00,118443.0,2026-02-05 05:15:00,29629.0,2026-02-05 05:00:00,7623.0,2026-02-05 04:00:00,1474.0,2026-02-05
2026-02-05 02:48:00,2026-02-05 02:48:00,XAUUSD,Buy,100.0,4865.5,0.0,4842.38,4865.5,2312.0,230750.0,00:00:00:00,7.27,104,354739.0,2026-02-05 02:45:00,118433.0,2026-02-05 02:45:00,29626.0,2026-02-05 02:00:00,7622.0,2026-02-05 00:00:00,1474.0,2026-02-05
2026-02-05 01:13:00,2026-02-05 01:13:00,XAUUSD,Buy,100.0,4980.3,0.0,4977.5,4980.3,280.0,27550.0,00:00:00:00,0.88,105,354720.0,2026-02-05 01:10:00,118426.0,2026-02-05 01:00:00,29625.0,2026-02-05 01:00:00,7622.0,2026-02-05 00:00:00,1474.0,2026-02-05
2026-02-04 17:47:00,2026-02-04 17:48:00,XAUUSD,Buy,100.0,4902.6,0.0,4899.09,4902.6,351.0,34650.0,00:00:01:00,1.11,106,354646.0,2026-02-04 17:45:00,118401.0,2026-02-04 17:45:00,29618.0,2026-02-04 17:00:00,7620.0,2026-02-04 16:00:00,1473.0,2026-02-04
2026-02-04 16:21:00,2026-02-04 16:21:00,XAUUSD,Buy,100.0,4908.09,0.0,4909.59,4908.09,-150.0,-15450.0,00:00:00:00,-0.49,107,354629.0,2026-02-04 16:20:00,118395.0,2026-02-04 16:15:00,29617.0,2026-02-04 16:00:00,7620.0,2026-02-04 16:00:00,1473.0,2026-02-04
2026-02-04 13:11:00,2026-02-04 13:12:00,XAUUSD,Buy,100.0,5031.4,0.0,5025.8,5031.4,560.0,55550.0,00:00:01:00,1.81,108,354591.0,2026-02-04 13:10:00,118382.0,2026-02-04 13:00:00,29614.0,2026-02-04 13:00:00,7619.0,2026-02-04 12:00:00,1473.0,2026-02-04
2026-02-04 09:49:00,2026-02-04 09:51:00,XAUUSD,Buy,100.0,5062.2,0.0,5049.6,5062.2,1260.0,125550.0,00:00:02:00,4.26,109,354550.0,2026-02-04 09:45:00,118369.0,2026-02-04 09:45:00,29610.0,2026-02-04 09:00:00,7618.0,2026-02-04 08:00:00,1473.0,2026-02-04
2026-02-04 09:48:00,2026-02-04 09:48:00,XAUUSD,Buy,100.0,5051.29,0.0,5052.79,5051.29,-150.0,-15450.0,00:00:00:00,-0.52,110,354550.0,2026-02-04 09:45:00,118369.0,2026-02-04 09:45:00,29610.0,2026-02-04 09:00:00,7618.0,2026-02-04 08:00:00,1473.0,2026-02-04
2026-02-04 03:19:00,2026-02-04 03:20:00,XAUUSD,Buy,100.0,5046.1,0.0,5041.9,5046.1,420.0,41550.0,00:00:01:00,1.42,111,354472.0,2026-02-04 03:15:00,118343.0,2026-02-04 03:15:00,29604.0,2026-02-04 03:00:00,7616.0,2026-02-04 00:00:00,1473.0,2026-02-04
2026-02-04 01:22:00,2026-02-04 01:24:00,XAUUSD,Buy,100.0,5050.3,0.0,5035.6,5050.3,1470.0,146550.0,00:00:02:00,5.29,112,354449.0,2026-02-04 01:20:00,118335.0,2026-02-04 01:15:00,29602.0,2026-02-04 01:00:00,7616.0,2026-02-04 00:00:00,1473.0,2026-02-04
2026-02-03 20:51:00,2026-02-03 20:53:00,XAUUSD,Buy,100.0,4940.4,0.0,4934.79,4940.4,561.0,55650.0,00:00:02:00,2.05,113,354410.0,2026-02-03 20:50:00,118321.0,2026-02-03 20:45:00,29598.0,2026-02-03 20:00:00,7615.0,2026-02-03 20:00:00,1472.0,2026-02-03
2026-02-03 17:29:00,2026-02-03 17:33:00,XAUUSD,Buy,100.0,4960.0,0.0,4948.09,4960.0,1191.0,118650.0,00:00:04:00,4.57,114,354369.0,2026-02-03 17:25:00,118307.0,2026-02-03 17:15:00,29595.0,2026-02-03 17:00:00,7614.0,2026-02-03 16:00:00,1472.0,2026-02-03
2026-02-03 11:03:00,2026-02-03 11:04:00,XAUUSD,Buy,100.0,4897.7,0.0,4892.09,4897.7,561.0,55650.0,00:00:01:00,2.19,115,354292.0,2026-02-03 11:00:00,118282.0,2026-02-03 11:00:00,29589.0,2026-02-03 11:00:00,7612.0,2026-02-03 08:00:00,1472.0,2026-02-03
2026-02-03 09:19:00,2026-02-03 09:20:00,XAUUSD,Buy,100.0,4905.99,0.0,4907.49,4905.99,-150.0,-15450.0,00:00:01:00,-0.6,116,354271.0,2026-02-03 09:15:00,118275.0,2026-02-03 09:15:00,29587.0,2026-02-03 09:00:00,7612.0,2026-02-03 08:00:00,1472.0,2026-02-03
2026-02-03 02:03:00,2026-02-03 02:03:00,XAUUSD,Buy,100.0,4831.9,0.0,4828.38,4831.9,352.0,34750.0,00:00:00:00,1.38,117,354184.0,2026-02-03 02:00:00,118246.0,2026-02-03 02:00:00,29580.0,2026-02-03 02:00:00,7610.0,2026-02-03 00:00:00,1472.0,2026-02-03
2026-02-03 01:50:00,2026-02-03 01:50:00,XAUUSD,Buy,100.0,4825.48,0.0,4826.98,4825.48,-150.0,-15450.0,00:00:00:00,-0.61,118,354182.0,2026-02-03 01:50:00,118245.0,2026-02-03 01:45:00,29579.0,2026-02-03 01:00:00,7610.0,2026-02-03 00:00:00,1472.0,2026-02-03
2026-02-02 23:44:00,2026-02-02 23:45:00,XAUUSD,Buy,100.0,4733.9,0.0,4732.47,4733.9,143.0,13850.0,00:00:01:00,0.55,119,354171.0,2026-02-02 23:40:00,118240.0,2026-02-02 23:30:00,29578.0,2026-02-02 23:00:00,7609.0,2026-02-02 20:00:00,1471.0,2026-02-02
2026-02-02 20:47:00,2026-02-02 20:47:00,XAUUSD,Buy,100.0,4674.4,0.0,4671.57,4674.4,283.0,27850.0,00:00:00:00,1.12,120,354136.0,2026-02-02 20:45:00,118229.0,2026-02-02 20:45:00,29575.0,2026-02-02 20:00:00,7609.0,2026-02-02 20:00:00,1471.0,2026-02-02
2026-02-02 19:57:00,2026-02-02 19:59:00,XAUUSD,Buy,100.0,4690.5,0.0,4679.27,4690.5,1123.0,111850.0,00:00:02:00,4.69,121,354126.0,2026-02-02 19:55:00,118225.0,2026-02-02 19:45:00,29574.0,2026-02-02 19:00:00,7608.0,2026-02-02 16:00:00,1471.0,2026-02-02
2026-02-02 19:55:00,2026-02-02 19:55:00,XAUUSD,Buy,100.0,4689.8,0.0,4687.67,4689.8,213.0,20850.0,00:00:00:00,0.88,122,354126.0,2026-02-02 19:55:00,118225.0,2026-02-02 19:45:00,29574.0,2026-02-02 19:00:00,7608.0,2026-02-02 16:00:00,1471.0,2026-02-02
2026-02-02 19:48:00,2026-02-02 19:51:00,XAUUSD,Buy,100.0,4710.8,0.0,4696.77,4710.8,1403.0,139850.0,00:00:03:00,6.29,123,354124.0,2026-02-02 19:45:00,118225.0,2026-02-02 19:45:00,29574.0,2026-02-02 19:00:00,7608.0,2026-02-02 16:00:00,1471.0,2026-02-02
2026-02-02 18:15:00,2026-02-02 18:16:00,XAUUSD,Buy,100.0,4637.3,0.0,4635.86,4637.3,144.0,13950.0,00:00:01:00,0.63,124,354106.0,2026-02-02 18:15:00,118219.0,2026-02-02 18:15:00,29573.0,2026-02-02 18:00:00,7608.0,2026-02-02 16:00:00,1471.0,2026-02-02
2026-02-02 15:29:00,2026-02-02 15:30:00,XAUUSD,Buy,100.0,4683.5,0.0,4675.77,4683.5,773.0,76850.0,00:00:01:00,3.6,125,354072.0,2026-02-02 15:25:00,118207.0,2026-02-02 15:15:00,29570.0,2026-02-02 15:00:00,7607.0,2026-02-02 12:00:00,1471.0,2026-02-02
2026-02-02 14:46:00,2026-02-02 14:47:00,XAUUSD,Buy,100.0,4760.5,0.0,4737.37,4760.5,2313.0,230850.0,00:00:01:00,12.13,126,354064.0,2026-02-02 14:45:00,118205.0,2026-02-02 14:45:00,29569.0,2026-02-02 14:00:00,7607.0,2026-02-02 12:00:00,1471.0,2026-02-02
2026-02-02 14:04:00,2026-02-02 14:05:00,XAUUSD,Buy,100.0,4708.7,0.0,4702.37,4708.7,633.0,62850.0,00:00:01:00,3.42,127,354055.0,2026-02-02 14:00:00,118202.0,2026-02-02 14:00:00,29569.0,2026-02-02 14:00:00,7607.0,2026-02-02 12:00:00,1471.0,2026-02-02
2026-02-02 09:03:00,2026-02-02 09:03:00,XAUUSD,Buy,100.0,4618.96,0.0,4620.46,4618.96,-150.0,-15450.0,00:00:00:00,-0.83,128,353995.0,2026-02-02 09:00:00,118182.0,2026-02-02 09:00:00,29564.0,2026-02-02 09:00:00,7606.0,2026-02-02 08:00:00,1471.0,2026-02-02
2026-02-02 08:33:00,2026-02-02 08:33:00,XAUUSD,Buy,100.0,4642.2,0.0,4636.56,4642.2,564.0,55950.0,00:00:00:00,3.11,129,353989.0,2026-02-02 08:30:00,118180.0,2026-02-02 08:30:00,29563.0,2026-02-02 08:00:00,7606.0,2026-02-02 08:00:00,1471.0,2026-02-02
2026-02-02 03:59:00,2026-02-02 04:00:00,XAUUSD,Buy,100.0,4649.2,0.0,4641.46,4649.2,774.0,76950.0,00:00:01:00,4.47,130,353934.0,2026-02-02 03:55:00,118161.0,2026-02-02 03:45:00,29558.0,2026-02-02 03:00:00,7604.0,2026-02-02 00:00:00,1471.0,2026-02-02
2026-02-02 03:29:00,2026-02-02 03:29:00,XAUUSD,Buy,100.0,4700.3,0.0,4696.07,4700.3,423.0,41850.0,00:00:00:00,2.49,131,353928.0,2026-02-02 03:25:00,118159.0,2026-02-02 03:15:00,29558.0,2026-02-02 03:00:00,7604.0,2026-02-02 00:00:00,1471.0,2026-02-02
2026-02-02 03:05:00,2026-02-02 03:06:00,XAUUSD,Buy,100.0,4717.1,0.0,4706.57,4717.1,1053.0,104850.0,00:00:01:00,6.66,132,353924.0,2026-02-02 03:05:00,118158.0,2026-02-02 03:00:00,29558.0,2026-02-02 03:00:00,7604.0,2026-02-02 00:00:00,1471.0,2026-02-02
2026-02-02 00:57:00,2026-02-02 00:58:00,XAUUSD,Buy,97.74,4773.1,0.0,4761.88,4773.1,1122.0,109224.45,00:00:01:00,7.45,133,,,,,,,7604.0,2026-02-02 00:00:00,1471.0,2026-02-02
2026-01-30 18:39:00,2026-01-30 18:39:00,XAUUSD,Buy,87.91,4709.4,0.0,4692.57,4709.4,1683.0,147556.93,00:00:00:00,11.19,134,353837.0,2026-01-30 18:35:00,118128.0,2026-01-30 18:30:00,29550.0,2026-01-30 18:00:00,7602.0,2026-01-30 16:00:00,1470.0,2026-01-30
2026-01-30 17:08:00,2026-01-30 17:08:00,XAUUSD,Buy,85.53,4936.2,0.0,4931.99,4936.2,421.0,35623.24,00:00:00:00,2.78,135,353819.0,2026-01-30 17:05:00,118122.0,2026-01-30 17:00:00,29549.0,2026-01-30 17:00:00,7602.0,2026-01-30 16:00:00,1470.0,2026-01-30
2026-01-30 16:35:00,2026-01-30 16:35:00,XAUUSD,Buy,86.42,4984.4,0.0,4985.9,4984.4,-150.0,-13351.89,00:00:00:00,-1.03,136,353813.0,2026-01-30 16:35:00,118120.0,2026-01-30 16:30:00,29548.0,2026-01-30 16:00:00,7602.0,2026-01-30 16:00:00,1470.0,2026-01-30
2026-01-30 16:30:00,2026-01-30 16:31:00,XAUUSD,Buy,82.59,5002.0,0.0,4995.0,5002.0,700.0,57441.34,00:00:01:00,4.64,137,353812.0,2026-01-30 16:30:00,118120.0,2026-01-30 16:30:00,29548.0,2026-01-30 16:00:00,7602.0,2026-01-30 16:00:00,1470.0,2026-01-30
2026-01-30 15:02:00,2026-01-30 15:02:00,XAUUSD,Buy,74.61,5007.6,0.0,4991.5,5007.6,1610.0,119786.35,00:00:00:00,10.7,138,353794.0,2026-01-30 15:00:00,118114.0,2026-01-30 15:00:00,29547.0,2026-01-30 15:00:00,7601.0,2026-01-30 12:00:00,1470.0,2026-01-30
2026-01-30 14:55:00,2026-01-30 14:55:00,XAUUSD,Buy,73.94,5047.5,0.0,5046.1,5047.5,140.0,10018.87,00:00:00:00,0.9,139,353793.0,2026-01-30 14:55:00,118113.0,2026-01-30 14:45:00,29546.0,2026-01-30 14:00:00,7601.0,2026-01-30 12:00:00,1470.0,2026-01-30
2026-01-30 13:22:00,2026-01-30 13:22:00,XAUUSD,Buy,72.61,5060.8,0.0,5058.01,5060.8,279.0,19931.44,00:00:00:00,1.83,140,353774.0,2026-01-30 13:20:00,118107.0,2026-01-30 13:15:00,29545.0,2026-01-30 13:00:00,7601.0,2026-01-30 12:00:00,1470.0,2026-01-30
2026-01-30 11:05:00,2026-01-30 11:07:00,XAUUSD,Buy,65.32,5109.8,0.0,5093.01,5109.8,1679.0,109378.34,00:00:02:00,11.16,141,353747.0,2026-01-30 11:05:00,118098.0,2026-01-30 11:00:00,29543.0,2026-01-30 11:00:00,7600.0,2026-01-30 08:00:00,1470.0,2026-01-30
2026-01-30 10:23:00,2026-01-30 10:25:00,XAUUSD,Buy,59.76,5063.6,0.0,5049.6,5063.6,1400.0,83395.08,00:00:02:00,9.3,142,353738.0,2026-01-30 10:20:00,118095.0,2026-01-30 10:15:00,29542.0,2026-01-30 10:00:00,7600.0,2026-01-30 08:00:00,1470.0,2026-01-30
2026-01-30 08:08:00,2026-01-30 08:08:00,XAUUSD,Buy,58.15,5151.8,0.0,5147.61,5151.8,419.0,24103.17,00:00:00:00,2.76,143,353711.0,2026-01-30 08:05:00,118086.0,2026-01-30 08:00:00,29540.0,2026-01-30 08:00:00,7600.0,2026-01-30 08:00:00,1470.0,2026-01-30
2026-01-30 06:17:00,2026-01-30 06:17:00,XAUUSD,Buy,57.64,5174.9,0.0,5173.52,5174.9,138.0,7694.94,00:00:00:00,0.89,144,353689.0,2026-01-30 06:15:00,118079.0,2026-01-30 06:15:00,29538.0,2026-01-30 06:00:00,7599.0,2026-01-30 04:00:00,1470.0,2026-01-30
2026-01-30 04:46:00,2026-01-30 04:49:00,XAUUSD,Buy,54.85,5211.3,0.0,5203.62,5211.3,768.0,41877.97,00:00:03:00,5.09,145,353671.0,2026-01-30 04:45:00,118073.0,2026-01-30 04:45:00,29536.0,2026-01-30 04:00:00,7599.0,2026-01-30 04:00:00,1470.0,2026-01-30
2026-01-30 01:58:00,2026-01-30 01:58:00,XAUUSD,Buy,53.38,5314.2,0.0,5310.03,5314.2,417.0,22019.25,00:00:00:00,2.75,146,353637.0,2026-01-30 01:55:00,118061.0,2026-01-30 01:45:00,29533.0,2026-01-30 01:00:00,7598.0,2026-01-30 00:00:00,1470.0,2026-01-30
2026-01-29 19:12:00,2026-01-29 19:13:00,XAUUSD,Buy,49.48,5325.4,0.0,5313.53,5325.4,1187.0,58510.1,00:00:01:00,7.88,147,353571.0,2026-01-29 19:10:00,118038.0,2026-01-29 19:00:00,29528.0,2026-01-29 19:00:00,7596.0,2026-01-29 16:00:00,1469.0,2026-01-29
2026-01-29 19:02:00,2026-01-29 19:03:00,XAUUSD,Buy,45.67,5335.9,0.0,5323.33,5335.9,1257.0,57201.67,00:00:01:00,8.35,148,353569.0,2026-01-29 19:00:00,118038.0,2026-01-29 19:00:00,29528.0,2026-01-29 19:00:00,7596.0,2026-01-29 16:00:00,1469.0,2026-01-29
2026-01-29 18:56:00,2026-01-29 18:57:00,XAUUSD,Buy,44.44,5350.6,0.0,5346.43,5350.6,417.0,18331.5,00:00:01:00,2.75,149,353568.0,2026-01-29 18:55:00,118037.0,2026-01-29 18:45:00,29527.0,2026-01-29 18:00:00,7596.0,2026-01-29 16:00:00,1469.0,2026-01-29
2026-01-29 14:47:00,2026-01-29 14:47:00,XAUUSD,Buy,43.86,5503.9,0.0,5501.85,5503.9,205.0,8793.93,00:00:00:00,1.34,150,353518.0,2026-01-29 14:45:00,118021.0,2026-01-29 14:45:00,29523.0,2026-01-29 14:00:00,7595.0,2026-01-29 12:00:00,1469.0,2026-01-29
2026-01-29 13:58:00,2026-01-29 13:59:00,XAUUSD,Buy,43.28,5510.9,0.0,5508.85,5510.9,205.0,8677.64,00:00:01:00,1.34,151,353508.0,2026-01-29 13:55:00,118017.0,2026-01-29 13:45:00,29522.0,2026-01-29 13:00:00,7595.0,2026-01-29 12:00:00,1469.0,2026-01-29
2026-01-29 13:13:00,2026-01-29 13:14:00,XAUUSD,Buy,42.13,5520.0,0.0,5515.85,5520.0,415.0,17294.36,00:00:01:00,2.74,152,353499.0,2026-01-29 13:10:00,118014.0,2026-01-29 13:00:00,29522.0,2026-01-29 13:00:00,7595.0,2026-01-29 12:00:00,1469.0,2026-01-29
2026-01-29 10:59:00,2026-01-29 10:59:00,XAUUSD,Buy,41.96,5485.7,0.0,5485.05,5485.7,65.0,2538.58,00:00:00:00,0.4,153,353472.0,2026-01-29 10:55:00,118005.0,2026-01-29 10:45:00,29519.0,2026-01-29 10:00:00,7594.0,2026-01-29 08:00:00,1469.0,2026-01-29
2026-01-29 05:52:00,2026-01-29 05:54:00,XAUUSD,Buy,41.03,5557.8,0.0,5554.36,5557.8,344.0,13929.68,00:00:02:00,2.26,154,353411.0,2026-01-29 05:50:00,117985.0,2026-01-29 05:45:00,29514.0,2026-01-29 05:00:00,7593.0,2026-01-29 04:00:00,1469.0,2026-01-29
2026-01-29 03:39:00,2026-01-29 03:40:00,XAUUSD,Buy,41.05,5522.8,0.0,5522.85,5522.8,-5.0,-389.98,00:00:01:00,-0.06,155,353384.0,2026-01-29 03:35:00,117976.0,2026-01-29 03:30:00,29512.0,2026-01-29 03:00:00,7592.0,2026-01-29 00:00:00,1469.0,2026-01-29
2026-01-29 02:03:00,2026-01-29 02:04:00,XAUUSD,Buy,38.39,5517.2,0.0,5506.75,5517.2,1045.0,39944.79,00:00:01:00,6.94,156,353365.0,2026-01-29 02:00:00,117970.0,2026-01-29 02:00:00,29511.0,2026-01-29 02:00:00,7592.0,2026-01-29 00:00:00,1469.0,2026-01-29
2026-01-29 00:02:00,2026-01-29 00:03:00,XAUUSD,Buy,32.63,5483.6,0.0,5457.05,5483.6,2655.0,86485.81,00:00:01:00,17.67,157,353353.0,2026-01-28 23:45:00,117965.0,2026-01-28 23:45:00,29509.0,2026-01-28 23:00:00,7592.0,2026-01-29 00:00:00,1469.0,2026-01-29
2026-01-28 18:33:00,2026-01-28 18:34:00,XAUUSD,Buy,30.24,5290.4,0.0,5278.53,5290.4,1187.0,35758.8,00:00:01:00,7.88,158,353290.0,2026-01-28 18:30:00,117944.0,2026-01-28 18:30:00,29504.0,2026-01-28 18:00:00,7590.0,2026-01-28 16:00:00,1468.0,2026-01-28
2026-01-28 15:09:00,2026-01-28 15:09:00,XAUUSD,Buy,27.55,5252.6,0.0,5237.92,5252.6,1468.0,40319.42,00:00:00:00,9.76,159,353249.0,2026-01-28 15:05:00,117930.0,2026-01-28 15:00:00,29501.0,2026-01-28 15:00:00,7589.0,2026-01-28 12:00:00,1468.0,2026-01-28
2026-01-27 05:04:00,2026-01-27 05:09:00,XAUUSD,Buy,27.84,5060.71,0.0,5062.21,5060.71,-150.0,-4301.28,00:00:05:00,-1.03,160,352855.0,2026-01-27 05:00:00,117798.0,2026-01-27 05:00:00,29468.0,2026-01-27 05:00:00,7581.0,2026-01-27 04:00:00,1467.0,2026-01-27
2026-01-27 00:52:00,2026-01-27 00:53:00,XAUUSD,Buy,27.46,5018.1,0.0,5016.0,5018.1,210.0,5643.03,00:00:01:00,1.37,161,352807.0,2026-01-26 23:45:00,117781.0,2026-01-26 23:45:00,29463.0,2026-01-26 23:00:00,7580.0,2026-01-27 00:00:00,1467.0,2026-01-27
2026-01-26 19:18:00,2026-01-26 19:18:00,XAUUSD,Buy,27.75,5043.9,0.0,5045.4,5043.9,-150.0,-4287.38,00:00:00:00,-1.03,162,352753.0,2026-01-26 19:15:00,117763.0,2026-01-26 19:15:00,29459.0,2026-01-26 19:00:00,7578.0,2026-01-26 16:00:00,1466.0,2026-01-26
2026-01-26 19:04:00,2026-01-26 19:05:00,XAUUSD,Buy,26.52,5045.4,0.0,5038.4,5045.4,700.0,18444.66,00:00:01:00,4.64,163,352750.0,2026-01-26 19:00:00,117762.0,2026-01-26 19:00:00,29459.0,2026-01-26 19:00:00,7578.0,2026-01-26 16:00:00,1466.0,2026-01-26
2026-01-26 18:58:00,2026-01-26 18:59:00,XAUUSD,Buy,26.8,5070.51,0.0,5072.01,5070.51,-150.0,-4140.6,00:00:01:00,-1.03,164,352749.0,2026-01-26 18:55:00,117761.0,2026-01-26 18:45:00,29458.0,2026-01-26 18:00:00,7578.0,2026-01-26 16:00:00,1466.0,2026-01-26
2026-01-26 18:33:00,2026-01-26 18:33:00,XAUUSD,Buy,26.81,5076.2,0.0,5076.21,5076.2,-1.0,-147.46,00:00:00:00,-0.04,165,352744.0,2026-01-26 18:30:00,117760.0,2026-01-26 18:30:00,29458.0,2026-01-26 18:00:00,7578.0,2026-01-26 16:00:00,1466.0,2026-01-26
2026-01-26 05:08:00,2026-01-26 05:10:00,XAUUSD,Buy,26.45,5063.6,0.0,5061.51,5063.6,209.0,5409.02,00:00:02:00,1.36,166,352583.0,2026-01-26 05:05:00,117706.0,2026-01-26 05:00:00,29445.0,2026-01-26 05:00:00,7575.0,2026-01-26 04:00:00,1466.0,2026-01-26
2026-01-23 11:07:00,2026-01-23 11:13:00,XAUUSD,Buy,26.09,4920.1,0.0,4917.99,4920.1,211.0,5387.58,00:00:06:00,1.38,167,352382.0,2026-01-23 11:05:00,117638.0,2026-01-23 11:00:00,29428.0,2026-01-23 11:00:00,7570.0,2026-01-23 08:00:00,1465.0,2026-01-23
2026-01-23 01:03:00,2026-01-23 01:04:00,XAUUSD,Buy,25.15,4945.3,0.0,4939.69,4945.3,561.0,13995.97,00:00:01:00,3.71,168,352261.0,2026-01-22 23:45:00,117598.0,2026-01-23 01:00:00,29418.0,2026-01-23 01:00:00,7568.0,2026-01-23 00:00:00,1465.0,2026-01-23
2026-01-21 17:44:00,2026-01-21 17:48:00,XAUUSD,Buy,24.25,4814.4,0.0,4808.78,4814.4,562.0,13519.37,00:00:04:00,3.72,169,351915.0,2026-01-21 17:40:00,117480.0,2026-01-21 17:30:00,29388.0,2026-01-21 17:00:00,7560.0,2026-01-21 16:00:00,1463.0,2026-01-21
2026-01-21 17:33:00,2026-01-21 17:33:00,XAUUSD,Buy,24.5,4804.48,0.0,4805.98,4804.48,-150.0,-3785.25,00:00:00:00,-1.03,170,351913.0,2026-01-21 17:30:00,117480.0,2026-01-21 17:30:00,29388.0,2026-01-21 17:00:00,7560.0,2026-01-21 16:00:00,1463.0,2026-01-21
2026-01-21 16:21:00,2026-01-21 16:23:00,XAUUSD,Buy,23.95,4837.5,0.0,4833.98,4837.5,352.0,8322.62,00:00:02:00,2.32,171,351899.0,2026-01-21 16:20:00,117475.0,2026-01-21 16:15:00,29387.0,2026-01-21 16:00:00,7560.0,2026-01-21 16:00:00,1463.0,2026-01-21
2026-01-21 15:20:00,2026-01-21 15:20:00,XAUUSD,Buy,23.95,4830.5,0.0,4830.48,4830.5,2.0,-59.88,00:00:00:00,-0.02,172,351887.0,2026-01-21 15:20:00,117471.0,2026-01-21 15:15:00,29386.0,2026-01-21 15:00:00,7559.0,2026-01-21 12:00:00,1463.0,2026-01-21
2026-01-21 14:45:00,2026-01-21 14:46:00,XAUUSD,Buy,24.2,4859.09,0.0,4860.59,4859.09,-150.0,-3738.9,00:00:01:00,-1.03,173,351880.0,2026-01-21 14:45:00,117469.0,2026-01-21 14:45:00,29385.0,2026-01-21 14:00:00,7559.0,2026-01-21 12:00:00,1463.0,2026-01-21
2026-01-19 19:27:00,2026-01-19 19:30:00,XAUUSD,Buy,24.21,4669.5,0.0,4669.47,4669.5,3.0,-36.32,00:00:03:00,-0.01,174,351418.0,2026-01-19 19:25:00,117313.0,2026-01-19 19:15:00,29346.0,2026-01-19 19:00:00,7548.0,2026-01-19 16:00:00,1461.0,2026-01-19
2026-01-16 07:45:00,2026-01-16 07:49:00,XAUUSD,Buy,23.33,4607.9,0.0,4602.26,4607.9,564.0,13053.13,00:00:04:00,3.73,175,351005.0,2026-01-16 07:45:00,117175.0,2026-01-16 07:45:00,29311.0,2026-01-16 07:00:00,7539.0,2026-01-16 04:00:00,1460.0,2026-01-16
2026-01-16 06:07:00,2026-01-16 06:11:00,XAUUSD,Buy,23.45,4606.5,0.0,4607.16,4606.5,-66.0,-1653.23,00:00:04:00,-0.47,176,350985.0,2026-01-16 06:05:00,117168.0,2026-01-16 06:00:00,29310.0,2026-01-16 06:00:00,7539.0,2026-01-16 04:00:00,1460.0,2026-01-16
2026-01-16 00:53:00,2026-01-16 01:00:00,XAUUSD,Buy,23.69,4599.36,0.0,4600.86,4599.36,-150.0,-3660.11,00:00:07:00,-1.03,177,350924.0,2026-01-15 23:45:00,117147.0,2026-01-15 23:45:00,29304.0,2026-01-15 23:00:00,7538.0,2026-01-16 00:00:00,1460.0,2026-01-16
2026-01-15 02:39:00,2026-01-15 02:41:00,XAUUSD,Buy,23.36,4607.2,0.0,4605.06,4607.2,214.0,4893.92,00:00:02:00,1.4,178,350670.0,2026-01-15 02:35:00,117062.0,2026-01-15 02:30:00,29283.0,2026-01-15 02:00:00,7532.0,2026-01-15 00:00:00,1459.0,2026-01-15
2026-01-14 09:44:00,2026-01-14 09:51:00,XAUUSD,Buy,23.15,4629.6,0.0,4628.16,4629.6,144.0,3229.42,00:00:07:00,0.93,179,350482.0,2026-01-14 09:40:00,116998.0,2026-01-14 09:30:00,29267.0,2026-01-14 09:00:00,7528.0,2026-01-14 08:00:00,1458.0,2026-01-14
2026-01-14 05:58:00,2026-01-14 05:59:00,XAUUSD,Buy,22.83,4622.6,0.0,4620.46,4622.6,214.0,4782.88,00:00:01:00,1.4,180,350437.0,2026-01-14 05:55:00,116983.0,2026-01-14 05:45:00,29263.0,2026-01-14 05:00:00,7527.0,2026-01-14 04:00:00,1458.0,2026-01-14
2026-01-13 12:28:00,2026-01-13 12:53:00,XAUUSD,Buy,21.15,4591.8,0.0,4579.86,4591.8,1194.0,25157.92,00:00:25:00,7.93,181,350242.0,2026-01-13 12:25:00,116917.0,2026-01-13 12:15:00,29247.0,2026-01-13 12:00:00,7523.0,2026-01-13 12:00:00,1457.0,2026-01-13
2026-01-12 20:46:00,2026-01-12 20:55:00,XAUUSD,Buy,20.67,4596.7,0.0,4593.16,4596.7,354.0,7224.16,00:00:09:00,2.33,182,350069.0,2026-01-12 20:45:00,116859.0,2026-01-12 20:45:00,29232.0,2026-01-12 20:00:00,7519.0,2026-01-12 20:00:00,1456.0,2026-01-12
2026-01-12 20:10:00,2026-01-12 20:12:00,XAUUSD,Buy,20.67,4602.3,0.0,4602.26,4602.3,4.0,-10.34,00:00:02:00,0.0,183,350062.0,2026-01-12 20:10:00,116856.0,2026-01-12 20:00:00,29232.0,2026-01-12 20:00:00,7519.0,2026-01-12 20:00:00,1456.0,2026-01-12
2026-01-12 16:41:00,2026-01-12 16:42:00,XAUUSD,Buy,20.48,4611.4,0.0,4609.96,4611.4,144.0,2856.96,00:00:01:00,0.93,184,350020.0,2026-01-12 16:40:00,116842.0,2026-01-12 16:30:00,29228.0,2026-01-12 16:00:00,7518.0,2026-01-12 16:00:00,1456.0,2026-01-12
2026-01-12 14:28:00,2026-01-12 14:29:00,XAUUSD,Buy,20.01,4591.1,0.0,4587.56,4591.1,354.0,6993.49,00:00:01:00,2.33,185,349993.0,2026-01-12 14:25:00,116833.0,2026-01-12 14:15:00,29226.0,2026-01-12 14:00:00,7517.0,2026-01-12 12:00:00,1456.0,2026-01-12
2026-01-09 00:29:00,2026-01-09 00:32:00,XAUUSD,Buy,20.22,4464.25,0.0,4465.75,4464.25,-150.0,-3123.99,00:00:03:00,-1.03,186,349559.0,2026-01-08 23:45:00,116687.0,2026-01-08 23:45:00,29189.0,2026-01-08 23:00:00,7508.0,2026-01-09 00:00:00,1455.0,2026-01-09
2026-01-08 18:11:00,2026-01-08 18:12:00,XAUUSD,Buy,20.43,4453.05,0.0,4454.55,4453.05,-150.0,-3156.44,00:00:01:00,-1.03,187,349492.0,2026-01-08 18:10:00,116664.0,2026-01-08 18:00:00,29184.0,2026-01-08 18:00:00,7506.0,2026-01-08 16:00:00,1454.0,2026-01-08
2026-01-08 10:21:00,2026-01-08 10:28:00,XAUUSD,Buy,20.24,4425.2,0.0,4423.74,4425.2,146.0,2863.96,00:00:07:00,0.94,188,349398.0,2026-01-08 10:20:00,116633.0,2026-01-08 10:15:00,29176.0,2026-01-08 10:00:00,7504.0,2026-01-08 08:00:00,1454.0,2026-01-08
2026-01-08 02:31:00,2026-01-08 02:33:00,XAUUSD,Buy,20.45,4437.64,0.0,4439.14,4437.64,-150.0,-3159.53,00:00:02:00,-1.03,189,349304.0,2026-01-08 02:30:00,116602.0,2026-01-08 02:30:00,29168.0,2026-01-08 02:00:00,7502.0,2026-01-08 00:00:00,1454.0,2026-01-08
2026-01-08 01:47:00,2026-01-08 01:50:00,XAUUSD,Buy,20.36,4446.2,0.0,4445.44,4446.2,76.0,1455.74,00:00:03:00,0.48,190,349295.0,2026-01-08 01:45:00,116599.0,2026-01-08 01:45:00,29167.0,2026-01-08 01:00:00,7502.0,2026-01-08 00:00:00,1454.0,2026-01-08
2026-01-07 13:09:00,2026-01-07 13:09:00,XAUUSD,Buy,20.57,4432.74,0.0,4434.24,4432.74,-150.0,-3178.07,00:00:00:00,-1.03,191,349158.0,2026-01-07 13:05:00,116552.0,2026-01-07 13:00:00,29156.0,2026-01-07 13:00:00,7499.0,2026-01-07 12:00:00,1453.0,2026-01-07
2026-01-06 19:18:00,2026-01-06 19:23:00,XAUUSD,Buy,20.19,4482.6,0.0,4479.75,4482.6,285.0,5663.29,00:00:05:00,1.87,192,348959.0,2026-01-06 19:15:00,116485.0,2026-01-06 19:15:00,29139.0,2026-01-06 19:00:00,7494.0,2026-01-06 16:00:00,1452.0,2026-01-06
2026-01-05 23:17:00,2026-01-05 23:19:00,XAUUSD,Buy,20.0,4451.8,0.0,4450.34,4451.8,146.0,2830.0,00:00:02:00,0.94,193,348734.0,2026-01-05 23:15:00,116409.0,2026-01-05 23:15:00,29120.0,2026-01-05 23:00:00,7489.0,2026-01-05 20:00:00,1451.0,2026-01-05
2026-01-05 19:10:00,2026-01-05 19:13:00,XAUUSD,Buy,19.59,4439.9,0.0,4436.34,4439.9,356.0,6885.88,00:00:03:00,2.35,194,348685.0,2026-01-05 19:10:00,116392.0,2026-01-05 19:00:00,29116.0,2026-01-05 19:00:00,7488.0,2026-01-05 16:00:00,1451.0,2026-01-05
2026-01-05 19:09:00,2026-01-05 19:10:00,XAUUSD,Buy,19.75,4435.54,0.0,4437.05,4435.54,-151.0,-3071.13,00:00:01:00,-1.04,195,348684.0,2026-01-05 19:05:00,116392.0,2026-01-05 19:00:00,29116.0,2026-01-05 19:00:00,7488.0,2026-01-05 16:00:00,1451.0,2026-01-05
2026-01-05 17:01:00,2026-01-05 17:01:00,XAUUSD,Buy,19.95,4439.74,0.0,4441.24,4439.74,-150.0,-3082.28,00:00:00:00,-1.03,196,348659.0,2026-01-05 17:00:00,116384.0,2026-01-05 17:00:00,29114.0,2026-01-05 17:00:00,7488.0,2026-01-05 16:00:00,1451.0,2026-01-05
2026-01-05 11:28:00,2026-01-05 11:29:00,XAUUSD,Buy,19.5,4416.8,0.0,4413.24,4416.8,356.0,6854.25,00:00:01:00,2.34,197,348592.0,2026-01-05 11:25:00,116361.0,2026-01-05 11:15:00,29108.0,2026-01-05 11:00:00,7486.0,2026-01-05 08:00:00,1451.0,2026-01-05
2026-01-05 01:52:00,2026-01-05 01:55:00,XAUUSD,Buy,18.88,4398.6,0.0,4393.64,4398.6,496.0,9279.52,00:00:03:00,3.28,198,348477.0,2026-01-05 01:50:00,116323.0,2026-01-05 01:45:00,29098.0,2026-01-05 01:00:00,7484.0,2026-01-05 00:00:00,1451.0,2026-01-05
2026-01-02 13:51:00,2026-01-02 13:53:00,XAUUSD,Buy,18.79,4369.9,0.0,4369.14,4369.9,76.0,1343.48,00:00:02:00,0.48,199,348348.0,2026-01-02 13:50:00,116279.0,2026-01-02 13:45:00,29087.0,2026-01-02 13:00:00,7481.0,2026-01-02 12:00:00,1450.0,2026-01-02
2025-12-31 19:38:00,2025-12-31 19:39:00,XAUUSD,Buy,18.78,4310.4,0.0,4310.33,4310.4,7.0,46.95,00:00:01:00,0.02,200,348144.0,2025-12-31 19:35:00,116210.0,2025-12-31 19:30:00,29070.0,2025-12-31 19:00:00,7476.0,2025-12-31 16:00:00,1449.0,2025-12-31
2025-12-31 10:32:00,2025-12-31 10:33:00,XAUUSD,Buy,18.48,4311.8,0.0,4308.93,4311.8,287.0,5220.6,00:00:01:00,1.89,201,348035.0,2025-12-31 10:30:00,116174.0,2025-12-31 10:30:00,29061.0,2025-12-31 10:00:00,7474.0,2025-12-31 08:00:00,1449.0,2025-12-31
2025-12-31 10:31:00,2025-12-31 10:31:00,XAUUSD,Buy,18.63,4309.53,0.0,4311.04,4309.53,-151.0,-2896.97,00:00:00:00,-1.04,202,348035.0,2025-12-31 10:30:00,116174.0,2025-12-31 10:30:00,29061.0,2025-12-31 10:00:00,7474.0,2025-12-31 08:00:00,1449.0,2025-12-31
2025-12-31 08:14:00,2025-12-31 08:21:00,XAUUSD,Buy,18.2,4325.8,0.0,4322.23,4325.8,357.0,6415.5,00:00:07:00,2.35,203,348007.0,2025-12-31 08:10:00,116164.0,2025-12-31 08:00:00,29059.0,2025-12-31 08:00:00,7474.0,2025-12-31 08:00:00,1449.0,2025-12-31
2025-12-31 05:36:00,2025-12-31 05:38:00,XAUUSD,Buy,17.78,4335.6,0.0,4332.03,4335.6,357.0,6267.45,00:00:02:00,2.35,204,347976.0,2025-12-31 05:35:00,116154.0,2025-12-31 05:30:00,29056.0,2025-12-31 05:00:00,7473.0,2025-12-31 04:00:00,1449.0,2025-12-31
2025-12-31 03:25:00,2025-12-31 03:35:00,XAUUSD,Buy,16.76,4352.4,0.0,4343.23,4352.4,917.0,15293.5,00:00:10:00,6.08,205,347950.0,2025-12-31 03:25:00,116145.0,2025-12-31 03:15:00,29054.0,2025-12-31 03:00:00,7472.0,2025-12-31 00:00:00,1449.0,2025-12-31
2025-12-30 13:34:00,2025-12-30 13:35:00,XAUUSD,Buy,16.31,4383.2,0.0,4378.94,4383.2,426.0,6874.66,00:00:01:00,2.81,206,347798.0,2025-12-30 13:30:00,116094.0,2025-12-30 13:30:00,29041.0,2025-12-30 13:00:00,7469.0,2025-12-30 12:00:00,1448.0,2025-12-30
2025-12-30 08:25:00,2025-12-30 08:27:00,XAUUSD,Buy,16.48,4359.24,0.0,4360.74,4359.24,-150.0,-2546.16,00:00:02:00,-1.03,207,347737.0,2025-12-30 08:25:00,116073.0,2025-12-30 08:15:00,29036.0,2025-12-30 08:00:00,7468.0,2025-12-30 08:00:00,1448.0,2025-12-30
2025-12-30 07:58:00,2025-12-30 08:00:00,XAUUSD,Buy,16.65,4370.44,0.0,4371.94,4370.44,-150.0,-2572.43,00:00:02:00,-1.03,208,347731.0,2025-12-30 07:55:00,116071.0,2025-12-30 07:45:00,29035.0,2025-12-30 07:00:00,7467.0,2025-12-30 04:00:00,1448.0,2025-12-30
2025-12-29 14:42:00,2025-12-29 14:42:00,XAUUSD,Buy,16.65,4360.8,0.0,4360.74,4360.8,6.0,24.97,00:00:00:00,0.01,209,347539.0,2025-12-29 14:40:00,116006.0,2025-12-29 14:30:00,29019.0,2025-12-29 14:00:00,7463.0,2025-12-29 12:00:00,1447.0,2025-12-29
2025-12-29 14:39:00,2025-12-29 14:39:00,XAUUSD,Buy,16.41,4377.6,0.0,4375.44,4377.6,216.0,3470.71,00:00:00:00,1.41,210,347538.0,2025-12-29 14:35:00,116006.0,2025-12-29 14:30:00,29019.0,2025-12-29 14:00:00,7463.0,2025-12-29 12:00:00,1447.0,2025-12-29
2025-12-29 01:28:00,2025-12-29 01:31:00,XAUUSD,Buy,16.0,4501.5,0.0,4497.25,4501.5,425.0,6728.0,00:00:03:00,2.81,211,347380.0,2025-12-29 01:25:00,115953.0,2025-12-29 01:15:00,29006.0,2025-12-29 01:00:00,7460.0,2025-12-29 00:00:00,1447.0,2025-12-29
2025-12-29 01:28:00,2025-12-29 01:28:00,XAUUSD,Buy,16.13,4496.47,0.0,4497.97,4496.47,-150.0,-2492.09,00:00:00:00,-1.03,212,347380.0,2025-12-29 01:25:00,115953.0,2025-12-29 01:15:00,29006.0,2025-12-29 01:00:00,7460.0,2025-12-29 00:00:00,1447.0,2025-12-29
2025-12-29 00:21:00,2025-12-29 00:21:00,XAUUSD,Buy,15.91,4508.5,0.0,4506.35,4508.5,215.0,3349.05,00:00:00:00,1.4,213,,,,,,,7460.0,2025-12-29 00:00:00,1447.0,2025-12-29
2025-12-29 00:19:00,2025-12-29 00:19:00,XAUUSD,Buy,16.07,4512.25,0.0,4513.75,4512.25,-150.0,-2482.82,00:00:00:00,-1.03,214,,,,,,,7460.0,2025-12-29 00:00:00,1447.0,2025-12-29
2025-12-26 06:55:00,2025-12-26 07:18:00,XAUUSD,Buy,15.64,4514.1,0.0,4509.85,4514.1,425.0,6576.62,00:00:23:00,2.8,215,347196.0,2025-12-26 06:55:00,115890.0,2025-12-26 06:45:00,28989.0,2025-12-26 06:00:00,7455.0,2025-12-26 04:00:00,1446.0,2025-12-26
2025-12-24 14:38:00,2025-12-24 14:38:00,XAUUSD,Buy,15.8,4474.05,0.0,4475.56,4474.05,-151.0,-2456.9,00:00:00:00,-1.04,216,347066.0,2025-12-24 14:35:00,115846.0,2025-12-24 14:30:00,28978.0,2025-12-24 14:00:00,7451.0,2025-12-24 12:00:00,1444.0,2025-12-24
2025-12-24 08:55:00,2025-12-24 08:56:00,XAUUSD,Buy,15.96,4482.45,0.0,4483.95,4482.45,-150.0,-2465.82,00:00:01:00,-1.03,217,346998.0,2025-12-24 08:55:00,115823.0,2025-12-24 08:45:00,28972.0,2025-12-24 08:00:00,7450.0,2025-12-24 08:00:00,1444.0,2025-12-24
2025-12-18 17:10:00,2025-12-18 17:10:00,XAUUSD,Buy,16.13,4329.83,0.0,4331.33,4329.83,-150.0,-2492.09,00:00:00:00,-1.03,218,346001.0,2025-12-18 17:10:00,115488.0,2025-12-18 17:00:00,28889.0,2025-12-18 17:00:00,7427.0,2025-12-18 16:00:00,1439.0,2025-12-18
2025-12-17 14:13:00,2025-12-17 14:14:00,XAUUSD,Buy,16.3,4331.23,0.0,4332.73,4331.23,-150.0,-2518.35,00:00:01:00,-1.03,219,345677.0,2025-12-17 14:10:00,115380.0,2025-12-17 14:00:00,28862.0,2025-12-17 14:00:00,7420.0,2025-12-17 12:00:00,1438.0,2025-12-17
2025-12-16 16:41:00,2025-12-16 16:43:00,XAUUSD,Buy,16.29,4293.6,0.0,4293.53,4293.6,7.0,40.72,00:00:02:00,0.02,220,345419.0,2025-12-16 16:40:00,115294.0,2025-12-16 16:30:00,28840.0,2025-12-16 16:00:00,7415.0,2025-12-16 16:00:00,1437.0,2025-12-16
2025-12-15 20:24:00,2025-12-15 20:26:00,XAUUSD,Buy,15.85,4305.5,0.0,4301.23,4305.5,427.0,6696.62,00:00:02:00,2.82,221,345175.0,2025-12-15 20:20:00,115213.0,2025-12-15 20:15:00,28820.0,2025-12-15 20:00:00,7410.0,2025-12-15 20:00:00,1436.0,2025-12-15
2025-12-15 16:38:00,2025-12-15 16:40:00,XAUUSD,Buy,15.34,4292.2,0.0,4287.23,4292.2,497.0,7554.95,00:00:02:00,3.28,222,345130.0,2025-12-15 16:35:00,115198.0,2025-12-15 16:30:00,28816.0,2025-12-15 16:00:00,7409.0,2025-12-15 16:00:00,1436.0,2025-12-15
2025-12-15 16:23:00,2025-12-15 16:26:00,XAUUSD,Buy,14.86,4299.2,0.0,4294.23,4299.2,497.0,7318.55,00:00:03:00,3.28,223,345127.0,2025-12-15 16:20:00,115197.0,2025-12-15 16:15:00,28816.0,2025-12-15 16:00:00,7409.0,2025-12-15 16:00:00,1436.0,2025-12-15
2025-12-15 16:07:00,2025-12-15 16:08:00,XAUUSD,Buy,14.65,4306.2,0.0,4304.03,4306.2,217.0,3113.12,00:00:01:00,1.42,224,345124.0,2025-12-15 16:05:00,115196.0,2025-12-15 16:00:00,28816.0,2025-12-15 16:00:00,7409.0,2025-12-15 16:00:00,1436.0,2025-12-15
2025-12-15 13:58:00,2025-12-15 13:59:00,XAUUSD,Buy,14.8,4331.93,0.0,4333.43,4331.93,-150.0,-2286.6,00:00:01:00,-1.03,225,345098.0,2025-12-15 13:55:00,115187.0,2025-12-15 13:45:00,28813.0,2025-12-15 13:00:00,7408.0,2025-12-15 12:00:00,1436.0,2025-12-15
2025-12-15 03:21:00,2025-12-15 03:42:00,XAUUSD,Buy,14.14,4327.9,0.0,4320.83,4327.9,707.0,9933.35,00:00:21:00,4.68,226,344971.0,2025-12-15 03:20:00,115145.0,2025-12-15 03:15:00,28803.0,2025-12-15 03:00:00,7405.0,2025-12-15 00:00:00,1436.0,2025-12-15
2025-12-12 16:40:00,2025-12-12 16:40:00,XAUUSD,Buy,14.29,4264.03,0.0,4265.53,4264.03,-150.0,-2207.81,00:00:00:00,-1.03,227,344832.0,2025-12-12 16:40:00,115098.0,2025-12-12 16:30:00,28791.0,2025-12-12 16:00:00,7402.0,2025-12-12 16:00:00,1434.0,2025-12-12
2025-12-12 15:56:00,2025-12-12 15:56:00,XAUUSD,Buy,14.28,4295.7,0.0,4295.63,4295.7,7.0,35.7,00:00:00:00,0.02,228,344823.0,2025-12-12 15:55:00,115095.0,2025-12-12 15:45:00,28790.0,2025-12-12 15:00:00,7401.0,2025-12-12 12:00:00,1434.0,2025-12-12
2025-12-12 09:34:00,2025-12-12 09:36:00,XAUUSD,Buy,14.08,4311.1,0.0,4308.93,4311.1,217.0,2992.0,00:00:02:00,1.42,229,344746.0,2025-12-12 09:30:00,115070.0,2025-12-12 09:30:00,28784.0,2025-12-12 09:00:00,7400.0,2025-12-12 08:00:00,1434.0,2025-12-12
2025-12-11 14:51:00,2025-12-11 14:52:00,XAUUSD,Buy,14.02,4233.4,0.0,4232.62,4233.4,78.0,1030.47,00:00:01:00,0.49,230,344522.0,2025-12-11 14:50:00,114995.0,2025-12-11 14:45:00,28765.0,2025-12-11 14:00:00,7395.0,2025-12-11 12:00:00,1433.0,2025-12-11
2025-12-11 13:13:00,2025-12-11 13:15:00,XAUUSD,Buy,14.31,4209.42,0.0,4210.92,4209.42,-150.0,-2210.9,00:00:02:00,-1.03,231,344502.0,2025-12-11 13:10:00,114988.0,2025-12-11 13:00:00,28764.0,2025-12-11 13:00:00,7395.0,2025-12-11 12:00:00,1433.0,2025-12-11
2025-12-11 13:13:00,2025-12-11 13:15:00,XAUUSD,Buy,14.31,4209.42,0.0,4210.92,4209.42,-150.0,-2210.9,00:00:02:00,-1.04,232,344502.0,2025-12-11 13:10:00,114988.0,2025-12-11 13:00:00,28764.0,2025-12-11 13:00:00,7395.0,2025-12-11 12:00:00,1433.0,2025-12-11
2025-12-11 10:29:00,2025-12-11 10:30:00,XAUUSD,Buy,14.46,4215.72,0.0,4217.22,4215.72,-150.0,-2234.07,00:00:01:00,-1.03,233,344469.0,2025-12-11 10:25:00,114977.0,2025-12-11 10:15:00,28761.0,2025-12-11 10:00:00,7394.0,2025-12-11 08:00:00,1433.0,2025-12-11
2025-12-09 06:12:00,2025-12-09 06:17:00,XAUUSD,Buy,14.13,4176.0,0.0,4172.42,4176.0,358.0,4994.95,00:00:05:00,2.36,234,343842.0,2025-12-09 06:10:00,114768.0,2025-12-09 06:00:00,28709.0,2025-12-09 06:00:00,7381.0,2025-12-09 04:00:00,1431.0,2025-12-09
2025-12-08 15:08:00,2025-12-08 15:08:00,XAUUSD,Buy,14.27,4180.02,0.0,4181.52,4180.02,-150.0,-2204.72,00:00:00:00,-1.03,235,343661.0,2025-12-08 15:05:00,114708.0,2025-12-08 15:00:00,28694.0,2025-12-08 15:00:00,7377.0,2025-12-08 12:00:00,1430.0,2025-12-08
2025-12-08 14:59:00,2025-12-08 14:59:00,XAUUSD,Buy,14.42,4196.12,0.0,4197.62,4196.12,-150.0,-2227.89,00:00:00:00,-1.03,236,343659.0,2025-12-08 14:55:00,114707.0,2025-12-08 14:45:00,28693.0,2025-12-08 14:00:00,7377.0,2025-12-08 12:00:00,1430.0,2025-12-08
2025-12-05 17:37:00,2025-12-05 17:39:00,XAUUSD,Buy,14.29,4210.3,0.0,4208.82,4210.3,148.0,2050.61,00:00:02:00,0.96,237,343392.0,2025-12-05 17:35:00,114618.0,2025-12-05 17:30:00,28671.0,2025-12-05 17:00:00,7371.0,2025-12-05 16:00:00,1428.0,2025-12-05
2025-12-05 16:32:00,2025-12-05 16:36:00,XAUUSD,Buy,13.71,4215.2,0.0,4208.82,4215.2,638.0,8685.28,00:00:04:00,4.22,238,343379.0,2025-12-05 16:30:00,114614.0,2025-12-05 16:30:00,28670.0,2025-12-05 16:00:00,7371.0,2025-12-05 16:00:00,1428.0,2025-12-05
2025-12-05 01:12:00,2025-12-05 01:15:00,XAUUSD,Buy,13.64,4196.3,0.0,4195.52,4196.3,78.0,1002.54,00:00:03:00,0.49,239,343195.0,2025-12-05 01:10:00,114552.0,2025-12-05 01:00:00,28655.0,2025-12-05 01:00:00,7367.0,2025-12-05 00:00:00,1428.0,2025-12-05
2025-12-04 19:10:00,2025-12-04 19:12:00,XAUUSD,Buy,13.78,4200.32,0.0,4201.82,4200.32,-150.0,-2129.01,00:00:02:00,-1.03,240,343123.0,2025-12-04 19:10:00,114528.0,2025-12-04 19:00:00,28649.0,2025-12-04 19:00:00,7365.0,2025-12-04 16:00:00,1427.0,2025-12-04
2025-12-04 14:44:00,2025-12-04 14:46:00,XAUUSD,Buy,13.46,4199.1,0.0,4195.52,4199.1,358.0,4758.11,00:00:02:00,2.36,241,343069.0,2025-12-04 14:40:00,114510.0,2025-12-04 14:30:00,28644.0,2025-12-04 14:00:00,7364.0,2025-12-04 12:00:00,1427.0,2025-12-04
2025-12-04 12:32:00,2025-12-04 12:34:00,XAUUSD,Buy,13.6,4191.22,0.0,4192.72,4191.22,-150.0,-2101.2,00:00:02:00,-1.03,242,343043.0,2025-12-04 12:30:00,114502.0,2025-12-04 12:30:00,28642.0,2025-12-04 12:00:00,7364.0,2025-12-04 12:00:00,1427.0,2025-12-04
2025-12-04 05:41:00,2025-12-04 05:43:00,XAUUSD,Buy,13.54,4185.1,0.0,4184.32,4185.1,78.0,995.19,00:00:02:00,0.49,243,342961.0,2025-12-04 05:40:00,114474.0,2025-12-04 05:30:00,28635.0,2025-12-04 05:00:00,7362.0,2025-12-04 04:00:00,1427.0,2025-12-04
2025-12-04 02:07:00,2025-12-04 02:19:00,XAUUSD,Buy,13.29,4204.0,0.0,4201.12,4204.0,288.0,3767.71,00:00:12:00,1.89,244,342918.0,2025-12-04 02:05:00,114460.0,2025-12-04 02:00:00,28632.0,2025-12-04 02:00:00,7361.0,2025-12-04 00:00:00,1427.0,2025-12-04
2025-12-03 18:55:00,2025-12-03 18:58:00,XAUUSD,Buy,13.29,4197.0,0.0,4197.0,4197.0,0.0,-59.81,00:00:03:00,-0.03,245,342832.0,2025-12-03 18:55:00,114431.0,2025-12-03 18:45:00,28624.0,2025-12-03 18:00:00,7359.0,2025-12-03 16:00:00,1426.0,2025-12-03
2025-12-03 16:58:00,2025-12-03 16:59:00,XAUUSD,Buy,13.1,4199.8,0.0,4197.62,4199.8,218.0,2796.85,00:00:01:00,1.42,246,342808.0,2025-12-03 16:55:00,114423.0,2025-12-03 16:45:00,28622.0,2025-12-03 16:00:00,7359.0,2025-12-03 16:00:00,1426.0,2025-12-03
2025-12-02 03:50:00,2025-12-02 03:55:00,XAUUSD,Buy,13.04,4218.0,0.0,4217.22,4218.0,78.0,958.44,00:00:05:00,0.49,247,342363.0,2025-12-02 03:50:00,114275.0,2025-12-02 03:45:00,28585.0,2025-12-02 03:00:00,7349.0,2025-12-02 00:00:00,1425.0,2025-12-02
2025-12-02 01:05:00,2025-12-02 01:06:00,XAUUSD,Buy,12.74,4215.9,0.0,4212.32,4215.9,358.0,4503.59,00:00:01:00,2.36,248,342330.0,2025-12-02 01:05:00,114264.0,2025-12-02 01:00:00,28583.0,2025-12-02 01:00:00,7349.0,2025-12-02 00:00:00,1425.0,2025-12-02
2025-12-02 01:04:00,2025-12-02 01:04:00,XAUUSD,Buy,12.87,4216.2,0.0,4217.7,4216.2,-150.0,-1988.42,00:00:00:00,-1.03,249,342329.0,2025-12-02 01:00:00,114264.0,2025-12-02 01:00:00,28583.0,2025-12-02 01:00:00,7349.0,2025-12-02 00:00:00,1425.0,2025-12-02
2025-12-01 14:37:00,2025-12-01 14:37:00,XAUUSD,Buy,13.01,4231.82,0.0,4233.32,4231.82,-150.0,-2010.05,00:00:00:00,-1.03,250,342204.0,2025-12-01 14:35:00,114222.0,2025-12-01 14:30:00,28572.0,2025-12-01 14:00:00,7346.0,2025-12-01 12:00:00,1424.0,2025-12-01
2025-11-28 10:35:00,2025-11-28 10:52:00,XAUUSD,Buy,12.54,4167.6,0.0,4161.92,4167.6,568.0,7066.29,00:00:17:00,3.76,251,341883.0,2025-11-28 10:35:00,114115.0,2025-11-28 10:30:00,28545.0,2025-11-28 10:00:00,7338.0,2025-11-28 08:00:00,1422.0,2025-11-28
2025-11-28 08:58:00,2025-11-28 09:00:00,XAUUSD,Buy,11.58,4170.4,0.0,4157.72,4170.4,1268.0,14631.33,00:00:02:00,8.44,252,341863.0,2025-11-28 08:55:00,114108.0,2025-11-28 08:45:00,28543.0,2025-11-28 08:00:00,7338.0,2025-11-28 08:00:00,1422.0,2025-11-28
2025-11-28 08:31:00,2025-11-28 08:36:00,XAUUSD,Buy,11.68,4168.94,0.0,4170.44,4168.94,-150.0,-1804.56,00:00:05:00,-1.03,253,341858.0,2025-11-28 08:30:00,114107.0,2025-11-28 08:30:00,28543.0,2025-11-28 08:00:00,7338.0,2025-11-28 08:00:00,1422.0,2025-11-28
2025-11-27 02:51:00,2025-11-27 02:54:00,XAUUSD,Buy,11.62,4147.3,0.0,4146.51,4147.3,79.0,865.69,00:00:03:00,0.5,254,341515.0,2025-11-27 02:50:00,113992.0,2025-11-27 02:45:00,28514.0,2025-11-27 02:00:00,7330.0,2025-11-27 00:00:00,1421.0,2025-11-27
2025-11-26 06:38:00,2025-11-26 06:54:00,XAUUSD,Buy,11.35,4152.2,0.0,4148.61,4152.2,359.0,4023.57,00:00:16:00,2.36,255,341272.0,2025-11-26 06:35:00,113911.0,2025-11-26 06:30:00,28494.0,2025-11-26 06:00:00,7325.0,2025-11-26 04:00:00,1420.0,2025-11-26
2025-11-25 08:55:00,2025-11-25 08:59:00,XAUUSD,Buy,10.99,4116.5,0.0,4111.51,4116.5,499.0,5434.55,00:00:04:00,3.3,256,341012.0,2025-11-25 08:55:00,113824.0,2025-11-25 08:45:00,28472.0,2025-11-25 08:00:00,7320.0,2025-11-25 08:00:00,1419.0,2025-11-25
2025-11-24 18:07:00,2025-11-24 18:24:00,XAUUSD,Buy,10.84,4092.7,0.0,4090.51,4092.7,219.0,2325.18,00:00:17:00,1.43,257,340834.0,2025-11-24 18:05:00,113765.0,2025-11-24 18:00:00,28458.0,2025-11-24 18:00:00,7316.0,2025-11-24 16:00:00,1418.0,2025-11-24
2025-11-24 01:04:00,2025-11-24 01:05:00,XAUUSD,Buy,10.78,4061.2,0.0,4060.41,4061.2,79.0,803.11,00:00:01:00,0.5,258,340629.0,2025-11-24 01:00:00,113697.0,2025-11-24 01:00:00,28441.0,2025-11-24 01:00:00,7312.0,2025-11-24 00:00:00,1418.0,2025-11-24
2025-11-21 15:41:00,2025-11-21 15:43:00,XAUUSD,Buy,10.73,4057.0,0.0,4056.21,4057.0,79.0,799.38,00:00:02:00,0.5,259,340506.0,2025-11-21 15:40:00,113655.0,2025-11-21 15:30:00,28430.0,2025-11-21 15:00:00,7308.0,2025-11-21 12:00:00,1416.0,2025-11-21
2025-11-21 04:43:00,2025-11-21 04:45:00,XAUUSD,Buy,10.84,4049.11,0.0,4050.61,4049.11,-150.0,-1674.78,00:00:02:00,-1.03,260,340374.0,2025-11-21 04:40:00,113611.0,2025-11-21 04:30:00,28419.0,2025-11-21 04:00:00,7306.0,2025-11-21 04:00:00,1416.0,2025-11-21
2025-11-21 02:48:00,2025-11-21 02:50:00,XAUUSD,Buy,10.79,4066.8,0.0,4066.01,4066.8,79.0,803.85,00:00:02:00,0.5,261,340351.0,2025-11-21 02:45:00,113604.0,2025-11-21 02:45:00,28417.0,2025-11-21 02:00:00,7305.0,2025-11-21 00:00:00,1416.0,2025-11-21
2025-11-20 18:18:00,2025-11-20 18:21:00,XAUUSD,Buy,10.79,4061.9,0.0,4061.81,4061.9,9.0,48.55,00:00:03:00,0.03,262,340249.0,2025-11-20 18:15:00,113570.0,2025-11-20 18:15:00,28409.0,2025-11-20 18:00:00,7303.0,2025-11-20 16:00:00,1415.0,2025-11-20
2025-11-20 17:37:00,2025-11-20 17:40:00,XAUUSD,Buy,10.49,4055.6,0.0,4051.31,4055.6,429.0,4453.0,00:00:03:00,2.83,263,340241.0,2025-11-20 17:35:00,113567.0,2025-11-20 17:30:00,28408.0,2025-11-20 17:00:00,7303.0,2025-11-20 16:00:00,1415.0,2025-11-20
2025-11-20 15:59:00,2025-11-20 15:59:00,XAUUSD,Buy,10.6,4075.01,0.0,4076.51,4075.01,-150.0,-1637.7,00:00:00:00,-1.03,264,340221.0,2025-11-20 15:55:00,113560.0,2025-11-20 15:45:00,28406.0,2025-11-20 15:00:00,7302.0,2025-11-20 12:00:00,1415.0,2025-11-20
2025-11-20 13:56:00,2025-11-20 13:56:00,XAUUSD,Buy,10.71,4074.31,0.0,4075.81,4074.31,-150.0,-1654.7,00:00:00:00,-1.03,265,340197.0,2025-11-20 13:55:00,113552.0,2025-11-20 13:45:00,28404.0,2025-11-20 13:00:00,7302.0,2025-11-20 12:00:00,1415.0,2025-11-20
2025-11-20 01:57:00,2025-11-20 01:59:00,XAUUSD,Buy,10.82,4082.71,0.0,4084.21,4082.71,-150.0,-1671.69,00:00:02:00,-1.03,266,340053.0,2025-11-20 01:55:00,113504.0,2025-11-20 01:45:00,28392.0,2025-11-20 01:00:00,7299.0,2025-11-20 00:00:00,1415.0,2025-11-20
2025-11-20 01:33:00,2025-11-20 01:36:00,XAUUSD,Buy,10.67,4092.0,0.0,4089.81,4092.0,219.0,2288.71,00:00:03:00,1.43,267,340048.0,2025-11-20 01:30:00,113503.0,2025-11-20 01:30:00,28392.0,2025-11-20 01:00:00,7299.0,2025-11-20 00:00:00,1415.0,2025-11-20
2025-11-19 17:05:00,2025-11-19 17:06:00,XAUUSD,Buy,10.52,4061.2,0.0,4059.01,4061.2,219.0,2256.54,00:00:01:00,1.43,268,339947.0,2025-11-19 17:05:00,113469.0,2025-11-19 17:00:00,28384.0,2025-11-19 17:00:00,7297.0,2025-11-19 16:00:00,1414.0,2025-11-19
2025-11-19 16:19:00,2025-11-19 16:21:00,XAUUSD,Buy,10.32,4087.1,0.0,4084.21,4087.1,289.0,2936.04,00:00:02:00,1.9,269,339937.0,2025-11-19 16:15:00,113466.0,2025-11-19 16:15:00,28383.0,2025-11-19 16:00:00,7297.0,2025-11-19 16:00:00,1414.0,2025-11-19
2025-11-19 15:41:00,2025-11-19 15:42:00,XAUUSD,Buy,10.43,4110.01,0.0,4111.51,4110.01,-150.0,-1611.44,00:00:01:00,-1.03,270,339930.0,2025-11-19 15:40:00,113463.0,2025-11-19 15:30:00,28382.0,2025-11-19 15:00:00,7296.0,2025-11-19 12:00:00,1414.0,2025-11-19
2025-11-19 14:27:00,2025-11-19 14:28:00,XAUUSD,Buy,10.54,4107.35,0.0,4108.85,4107.35,-150.0,-1628.43,00:00:01:00,-1.03,271,339915.0,2025-11-19 14:25:00,113458.0,2025-11-19 14:15:00,28381.0,2025-11-19 14:00:00,7296.0,2025-11-19 12:00:00,1414.0,2025-11-19
2025-11-19 13:55:00,2025-11-19 14:01:00,XAUUSD,Buy,10.25,4112.3,0.0,4108.01,4112.3,429.0,4351.12,00:00:06:00,2.83,272,339909.0,2025-11-19 13:55:00,113456.0,2025-11-19 13:45:00,28380.0,2025-11-19 13:00:00,7296.0,2025-11-19 12:00:00,1414.0,2025-11-19
2025-11-18 14:55:00,2025-11-18 14:58:00,XAUUSD,Buy,9.66,4069.6,0.0,4060.41,4069.6,919.0,8834.07,00:00:03:00,6.1,273,339633.0,2025-11-18 14:55:00,113364.0,2025-11-18 14:45:00,28357.0,2025-11-18 14:00:00,7290.0,2025-11-18 12:00:00,1413.0,2025-11-18
2025-11-18 02:50:00,2025-11-18 02:51:00,XAUUSD,Buy,9.76,4023.9,0.0,4025.4,4023.9,-150.0,-1507.92,00:00:01:00,-1.03,274,339488.0,2025-11-18 02:50:00,113316.0,2025-11-18 02:45:00,28345.0,2025-11-18 02:00:00,7287.0,2025-11-18 00:00:00,1413.0,2025-11-18
2025-11-17 20:00:00,2025-11-17 20:01:00,XAUUSD,Buy,9.71,4010.1,0.0,4009.3,4010.1,80.0,733.1,00:00:01:00,0.5,275,339406.0,2025-11-17 20:00:00,113289.0,2025-11-17 20:00:00,28339.0,2025-11-17 20:00:00,7286.0,2025-11-17 20:00:00,1412.0,2025-11-17
2025-11-17 13:52:00,2025-11-17 13:58:00,XAUUSD,Buy,9.53,4065.4,0.0,4062.51,4065.4,289.0,2711.28,00:00:06:00,1.9,276,339332.0,2025-11-17 13:50:00,113264.0,2025-11-17 13:45:00,28332.0,2025-11-17 13:00:00,7284.0,2025-11-17 12:00:00,1412.0,2025-11-17
2025-11-14 17:49:00,2025-11-14 17:50:00,XAUUSD,Buy,9.63,4098.17,0.0,4099.67,4098.17,-150.0,-1487.84,00:00:01:00,-1.03,277,339080.0,2025-11-14 17:45:00,113180.0,2025-11-14 17:45:00,28311.0,2025-11-14 17:00:00,7278.0,2025-11-14 16:00:00,1410.0,2025-11-14
2025-11-14 15:02:00,2025-11-14 15:03:00,XAUUSD,Buy,9.73,4073.61,0.0,4075.11,4073.61,-150.0,-1503.29,00:00:01:00,-1.03,278,339047.0,2025-11-14 15:00:00,113169.0,2025-11-14 15:00:00,28309.0,2025-11-14 15:00:00,7277.0,2025-11-14 12:00:00,1410.0,2025-11-14
2025-11-14 10:34:00,2025-11-14 10:42:00,XAUUSD,Buy,9.33,4167.6,0.0,4161.22,4167.6,638.0,5910.55,00:00:08:00,4.22,279,338993.0,2025-11-14 10:30:00,113151.0,2025-11-14 10:30:00,28304.0,2025-11-14 10:00:00,7276.0,2025-11-14 08:00:00,1410.0,2025-11-14
2025-11-14 07:26:00,2025-11-14 07:27:00,XAUUSD,Buy,9.33,4161.3,0.0,4161.22,4161.3,8.0,32.65,00:00:01:00,0.02,280,338956.0,2025-11-14 07:25:00,113138.0,2025-11-14 07:15:00,28301.0,2025-11-14 07:00:00,7275.0,2025-11-14 04:00:00,1410.0,2025-11-14
2025-11-14 05:16:00,2025-11-14 05:20:00,XAUUSD,Buy,9.24,4187.9,0.0,4186.42,4187.9,148.0,1325.94,00:00:04:00,0.96,281,338930.0,2025-11-14 05:15:00,113130.0,2025-11-14 05:15:00,28299.0,2025-11-14 05:00:00,7275.0,2025-11-14 04:00:00,1410.0,2025-11-14
2025-11-13 18:30:00,2025-11-13 18:30:00,XAUUSD,Buy,9.34,4188.42,0.0,4189.92,4188.42,-150.0,-1443.03,00:00:00:00,-1.03,282,338801.0,2025-11-13 18:30:00,113087.0,2025-11-13 18:30:00,28288.0,2025-11-13 18:00:00,7272.0,2025-11-13 16:00:00,1409.0,2025-11-13
2025-11-13 13:06:00,2025-11-13 13:06:00,XAUUSD,Buy,9.44,4228.1,0.0,4229.6,4228.1,-150.0,-1458.48,00:00:00:00,-1.03,283,338736.0,2025-11-13 13:05:00,113065.0,2025-11-13 13:00:00,28283.0,2025-11-13 13:00:00,7271.0,2025-11-13 12:00:00,1409.0,2025-11-13
2025-11-13 09:30:00,2025-11-13 09:34:00,XAUUSD,Buy,9.14,4232.0,0.0,4227.02,4232.0,498.0,4510.59,00:00:04:00,3.29,284,338693.0,2025-11-13 09:30:00,113051.0,2025-11-13 09:30:00,28279.0,2025-11-13 09:00:00,7270.0,2025-11-13 08:00:00,1409.0,2025-11-13
2025-11-13 02:26:00,2025-11-13 02:30:00,XAUUSD,Buy,9.23,4185.62,0.0,4187.12,4185.62,-150.0,-1426.04,00:00:04:00,-1.03,285,338608.0,2025-11-13 02:25:00,113022.0,2025-11-13 02:15:00,28272.0,2025-11-13 02:00:00,7268.0,2025-11-13 00:00:00,1409.0,2025-11-13
2025-11-05 09:20:00,2025-11-05 09:24:00,XAUUSD,Buy,9.33,3970.0,0.0,3971.5,3970.0,-150.0,-1441.49,00:00:04:00,-1.03,286,336952.0,2025-11-05 09:20:00,112470.0,2025-11-05 09:15:00,28134.0,2025-11-05 09:00:00,7233.0,2025-11-05 08:00:00,1402.0,2025-11-05
2025-11-05 05:49:00,2025-11-05 05:51:00,XAUUSD,Buy,9.42,3963.7,0.0,3965.2,3963.7,-150.0,-1455.39,00:00:02:00,-1.03,287,336909.0,2025-11-05 05:45:00,112456.0,2025-11-05 05:45:00,28130.0,2025-11-05 05:00:00,7232.0,2025-11-05 04:00:00,1402.0,2025-11-05
2025-11-05 01:49:00,2025-11-05 01:50:00,XAUUSD,Buy,9.38,3939.4,0.0,3938.59,3939.4,81.0,717.57,00:00:01:00,0.51,288,336861.0,2025-11-05 01:45:00,112440.0,2025-11-05 01:45:00,28126.0,2025-11-05 01:00:00,7231.0,2025-11-05 00:00:00,1402.0,2025-11-05
2025-11-04 18:39:00,2025-11-04 18:41:00,XAUUSD,Buy,9.33,3935.2,0.0,3934.39,3935.2,81.0,713.74,00:00:02:00,0.51,289,336775.0,2025-11-04 18:35:00,112411.0,2025-11-04 18:30:00,28119.0,2025-11-04 18:00:00,7229.0,2025-11-04 16:00:00,1401.0,2025-11-04
2025-11-04 14:35:00,2025-11-04 14:35:00,XAUUSD,Buy,9.28,3936.6,0.0,3935.79,3936.6,81.0,709.92,00:00:00:00,0.51,290,336727.0,2025-11-04 14:35:00,112395.0,2025-11-04 14:30:00,28115.0,2025-11-04 14:00:00,7228.0,2025-11-04 12:00:00,1401.0,2025-11-04
2025-11-04 12:35:00,2025-11-04 12:39:00,XAUUSD,Buy,9.19,3987.7,0.0,3986.2,3987.7,150.0,1337.14,00:00:04:00,0.97,291,336703.0,2025-11-04 12:35:00,112387.0,2025-11-04 12:30:00,28113.0,2025-11-04 12:00:00,7228.0,2025-11-04 12:00:00,1401.0,2025-11-04
2025-11-03 15:55:00,2025-11-03 15:56:00,XAUUSD,Buy,9.29,4010.6,0.0,4012.1,4010.6,-150.0,-1435.31,00:00:01:00,-1.03,292,336455.0,2025-11-03 15:55:00,112304.0,2025-11-03 15:45:00,28092.0,2025-11-03 15:00:00,7222.0,2025-11-03 12:00:00,1400.0,2025-11-03
2025-11-03 02:27:00,2025-11-03 02:29:00,XAUUSD,Buy,9.38,3995.9,0.0,3997.4,3995.9,-150.0,-1449.21,00:00:02:00,-1.03,293,336293.0,2025-11-03 02:25:00,112250.0,2025-11-03 02:15:00,28079.0,2025-11-03 02:00:00,7219.0,2025-11-03 00:00:00,1400.0,2025-11-03
2025-11-03 01:45:00,2025-11-03 01:46:00,XAUUSD,Buy,9.34,3991.9,0.0,3991.1,3991.9,80.0,705.17,00:00:01:00,0.5,294,336285.0,2025-11-03 01:45:00,112248.0,2025-11-03 01:45:00,28078.0,2025-11-03 01:00:00,7219.0,2025-11-03 00:00:00,1400.0,2025-11-03
2025-11-03 00:32:00,2025-11-03 00:42:00,XAUUSD,Buy,8.69,3975.8,0.0,3964.5,3975.8,1130.0,9780.59,00:00:10:00,7.51,295,336270.0,2025-11-03 00:30:00,112243.0,2025-11-03 00:30:00,28077.0,2025-11-03 00:00:00,7219.0,2025-11-03 00:00:00,1400.0,2025-11-03
2025-10-31 20:21:00,2025-10-31 20:30:00,XAUUSD,Buy,8.26,4000.3,0.0,3992.5,4000.3,780.0,6405.63,00:00:09:00,5.17,296,336221.0,2025-10-31 20:20:00,112226.0,2025-10-31 20:15:00,28073.0,2025-10-31 20:00:00,7217.0,2025-10-31 20:00:00,1398.0,2025-10-31
2025-10-31 17:05:00,2025-10-31 17:06:00,XAUUSD,Buy,8.34,4004.3,0.0,4005.8,4004.3,-150.0,-1288.53,00:00:01:00,-1.03,297,336182.0,2025-10-31 17:05:00,112213.0,2025-10-31 17:00:00,28070.0,2025-10-31 17:00:00,7216.0,2025-10-31 16:00:00,1398.0,2025-10-31
2025-10-31 16:59:00,2025-10-31 17:03:00,XAUUSD,Buy,8.26,4013.6,0.0,4012.1,4013.6,150.0,1201.83,00:00:04:00,0.97,298,336180.0,2025-10-31 16:55:00,112212.0,2025-10-31 16:45:00,28069.0,2025-10-31 16:00:00,7216.0,2025-10-31 16:00:00,1398.0,2025-10-31
2025-10-31 13:58:00,2025-10-31 13:59:00,XAUUSD,Buy,8.35,4021.8,0.0,4023.3,4021.8,-150.0,-1290.08,00:00:01:00,-1.03,299,336144.0,2025-10-31 13:55:00,112200.0,2025-10-31 13:45:00,28066.0,2025-10-31 13:00:00,7215.0,2025-10-31 12:00:00,1398.0,2025-10-31
2025-10-31 09:55:00,2025-10-31 09:58:00,XAUUSD,Buy,8.31,4008.7,0.0,4007.9,4008.7,80.0,627.4,00:00:03:00,0.5,300,336096.0,2025-10-31 09:55:00,112184.0,2025-10-31 09:45:00,28062.0,2025-10-31 09:00:00,7214.0,2025-10-31 08:00:00,1398.0,2025-10-31
2025-10-31 02:02:00,2025-10-31 02:06:00,XAUUSD,Buy,8.12,4025.5,0.0,4021.9,4025.5,360.0,2886.66,00:00:04:00,2.37,301,336001.0,2025-10-31 02:00:00,112153.0,2025-10-31 02:00:00,28055.0,2025-10-31 02:00:00,7212.0,2025-10-31 00:00:00,1398.0,2025-10-31
2025-10-31 01:06:00,2025-10-31 01:09:00,XAUUSD,Buy,8.11,4031.1,0.0,4031.0,4031.1,10.0,44.6,00:00:03:00,0.04,302,335990.0,2025-10-31 01:05:00,112149.0,2025-10-31 01:00:00,28054.0,2025-10-31 01:00:00,7212.0,2025-10-31 00:00:00,1398.0,2025-10-31
2025-10-30 13:59:00,2025-10-30 14:00:00,XAUUSD,Buy,8.04,3963.9,0.0,3962.4,3963.9,150.0,1169.82,00:00:01:00,0.97,303,335856.0,2025-10-30 13:55:00,112104.0,2025-10-30 13:45:00,28042.0,2025-10-30 13:00:00,7209.0,2025-10-30 12:00:00,1397.0,2025-10-30
2025-10-30 06:27:00,2025-10-30 06:27:00,XAUUSD,Buy,8.03,3952.0,0.0,3951.9,3952.0,10.0,44.16,00:00:00:00,0.04,304,335766.0,2025-10-30 06:25:00,112074.0,2025-10-30 06:15:00,28035.0,2025-10-30 06:00:00,7207.0,2025-10-30 04:00:00,1397.0,2025-10-30
2025-10-29 16:52:00,2025-10-29 16:53:00,XAUUSD,Buy,8.12,3990.3,0.0,3991.8,3990.3,-150.0,-1254.54,00:00:01:00,-1.03,305,335603.0,2025-10-29 16:50:00,112020.0,2025-10-29 16:45:00,28021.0,2025-10-29 16:00:00,7204.0,2025-10-29 16:00:00,1396.0,2025-10-29
2025-10-29 06:13:00,2025-10-29 06:15:00,XAUUSD,Buy,7.96,3955.5,0.0,3952.6,3955.5,290.0,2272.58,00:00:02:00,1.9,306,335475.0,2025-10-29 06:10:00,111977.0,2025-10-29 06:00:00,28011.0,2025-10-29 06:00:00,7201.0,2025-10-29 04:00:00,1396.0,2025-10-29
2025-10-28 18:52:00,2025-10-28 18:56:00,XAUUSD,Buy,7.82,3960.4,0.0,3957.5,3960.4,290.0,2232.61,00:00:04:00,1.9,307,335339.0,2025-10-28 18:50:00,111932.0,2025-10-28 18:45:00,27999.0,2025-10-28 18:00:00,7198.0,2025-10-28 16:00:00,1395.0,2025-10-28
2025-10-28 12:07:00,2025-10-28 12:10:00,XAUUSD,Buy,7.74,3917.0,0.0,3915.49,3917.0,151.0,1133.91,00:00:03:00,0.98,308,335258.0,2025-10-28 12:05:00,111905.0,2025-10-28 12:00:00,27993.0,2025-10-28 12:00:00,7197.0,2025-10-28 12:00:00,1395.0,2025-10-28
2025-10-28 06:32:00,2025-10-28 06:34:00,XAUUSD,Buy,7.67,3968.1,0.0,3966.6,3968.1,150.0,1115.98,00:00:02:00,0.97,309,335191.0,2025-10-28 06:30:00,111883.0,2025-10-28 06:30:00,27987.0,2025-10-28 06:00:00,7195.0,2025-10-28 04:00:00,1395.0,2025-10-28
2025-10-28 06:21:00,2025-10-28 06:27:00,XAUUSD,Buy,7.45,3975.1,0.0,3970.8,3975.1,430.0,3169.97,00:00:06:00,2.84,310,335189.0,2025-10-28 06:20:00,111882.0,2025-10-28 06:15:00,27987.0,2025-10-28 06:00:00,7195.0,2025-10-28 04:00:00,1395.0,2025-10-28
2025-10-27 20:01:00,2025-10-27 20:03:00,XAUUSD,Buy,7.15,4003.8,0.0,3997.4,4003.8,640.0,4543.82,00:00:02:00,4.24,311,335065.0,2025-10-27 20:00:00,111841.0,2025-10-27 20:00:00,27977.0,2025-10-27 20:00:00,7193.0,2025-10-27 20:00:00,1394.0,2025-10-27
2025-10-27 15:09:00,2025-10-27 15:10:00,XAUUSD,Buy,6.92,4007.3,0.0,4002.3,4007.3,500.0,3428.86,00:00:01:00,3.3,312,335006.0,2025-10-27 15:05:00,111821.0,2025-10-27 15:00:00,27972.0,2025-10-27 15:00:00,7191.0,2025-10-27 12:00:00,1394.0,2025-10-27
2025-10-27 14:44:00,2025-10-27 14:45:00,XAUUSD,Buy,6.7,4025.5,0.0,4020.5,4025.5,500.0,3319.85,00:00:01:00,3.3,313,335001.0,2025-10-27 14:40:00,111819.0,2025-10-27 14:30:00,27971.0,2025-10-27 14:00:00,7191.0,2025-10-27 12:00:00,1394.0,2025-10-27
2025-10-27 14:32:00,2025-10-27 14:34:00,XAUUSD,Buy,6.13,4037.4,0.0,4023.3,4037.4,1410.0,8615.71,00:00:02:00,9.37,314,334999.0,2025-10-27 14:30:00,111819.0,2025-10-27 14:30:00,27971.0,2025-10-27 14:00:00,7191.0,2025-10-27 12:00:00,1394.0,2025-10-27
2025-10-27 14:29:00,2025-10-27 14:29:00,XAUUSD,Buy,6.19,4032.3,0.0,4033.8,4032.3,-150.0,-956.36,00:00:00:00,-1.03,315,334998.0,2025-10-27 14:25:00,111818.0,2025-10-27 14:15:00,27971.0,2025-10-27 14:00:00,7191.0,2025-10-27 12:00:00,1394.0,2025-10-27
2025-10-27 11:32:00,2025-10-27 11:34:00,XAUUSD,Buy,6.08,4033.9,0.0,4031.0,4033.9,290.0,1735.84,00:00:02:00,1.9,316,334963.0,2025-10-27 11:30:00,111807.0,2025-10-27 11:30:00,27968.0,2025-10-27 11:00:00,7190.0,2025-10-27 08:00:00,1394.0,2025-10-27
2025-10-27 11:31:00,2025-10-27 11:31:00,XAUUSD,Buy,6.14,4032.8,0.0,4034.3,4032.8,-150.0,-948.63,00:00:00:00,-1.03,317,334963.0,2025-10-27 11:30:00,111807.0,2025-10-27 11:30:00,27968.0,2025-10-27 11:00:00,7190.0,2025-10-27 08:00:00,1394.0,2025-10-27
2025-10-27 09:27:00,2025-10-27 09:31:00,XAUUSD,Buy,6.05,4060.5,0.0,4058.31,4060.5,219.0,1297.72,00:00:04:00,1.43,318,334938.0,2025-10-27 09:25:00,111798.0,2025-10-27 09:15:00,27966.0,2025-10-27 09:00:00,7190.0,2025-10-27 08:00:00,1394.0,2025-10-27
2025-10-27 05:02:00,2025-10-27 05:03:00,XAUUSD,Buy,6.11,4063.11,0.0,4064.61,4063.11,-150.0,-944.0,00:00:01:00,-1.03,319,334885.0,2025-10-27 05:00:00,111781.0,2025-10-27 05:00:00,27962.0,2025-10-27 05:00:00,7189.0,2025-10-27 04:00:00,1394.0,2025-10-27
2025-10-27 03:24:00,2025-10-27 03:29:00,XAUUSD,Buy,6.06,4073.8,0.0,4072.31,4073.8,149.0,875.67,00:00:05:00,0.96,320,334865.0,2025-10-27 03:20:00,111774.0,2025-10-27 03:15:00,27960.0,2025-10-27 03:00:00,7188.0,2025-10-27 00:00:00,1394.0,2025-10-27
2025-10-24 07:05:00,2025-10-24 07:06:00,XAUUSD,Buy,6.05,4095.5,0.0,4095.41,4095.5,9.0,27.22,00:00:01:00,0.03,321,334611.0,2025-10-24 07:05:00,111689.0,2025-10-24 07:00:00,27939.0,2025-10-24 07:00:00,7182.0,2025-10-24 04:00:00,1392.0,2025-10-24
2025-10-24 05:25:00,2025-10-24 05:27:00,XAUUSD,Buy,6.0,4108.8,0.0,4107.31,4108.8,149.0,867.0,00:00:02:00,0.96,322,334591.0,2025-10-24 05:25:00,111682.0,2025-10-24 05:15:00,27937.0,2025-10-24 05:00:00,7182.0,2025-10-24 04:00:00,1392.0,2025-10-24
2025-10-23 17:45:00,2025-10-23 17:46:00,XAUUSD,Buy,5.99,4129.8,0.0,4129.71,4129.8,9.0,26.95,00:00:01:00,0.03,323,334451.0,2025-10-23 17:45:00,111636.0,2025-10-23 17:45:00,27925.0,2025-10-23 17:00:00,7179.0,2025-10-23 16:00:00,1391.0,2025-10-23
2025-10-23 08:38:00,2025-10-23 08:40:00,XAUUSD,Buy,5.75,4100.4,0.0,4094.01,4100.4,639.0,3648.37,00:00:02:00,4.23,324,334341.0,2025-10-23 08:35:00,111599.0,2025-10-23 08:30:00,27916.0,2025-10-23 08:00:00,7177.0,2025-10-23 08:00:00,1391.0,2025-10-23
2025-10-22 17:44:00,2025-10-22 17:46:00,XAUUSD,Buy,5.59,4056.3,0.0,4052.01,4056.3,429.0,2372.95,00:00:02:00,2.83,325,334162.0,2025-10-22 17:40:00,111539.0,2025-10-22 17:30:00,27901.0,2025-10-22 17:00:00,7173.0,2025-10-22 16:00:00,1390.0,2025-10-22
2025-10-22 01:11:00,2025-10-22 01:11:00,XAUUSD,Buy,5.41,4022.0,0.0,4017.0,4022.0,500.0,2680.65,00:00:00:00,3.3,326,333964.0,2025-10-22 01:10:00,111473.0,2025-10-22 01:00:00,27885.0,2025-10-22 01:00:00,7169.0,2025-10-22 00:00:00,1390.0,2025-10-22
2025-10-22 00:51:00,2025-10-22 00:52:00,XAUUSD,Buy,5.34,4107.4,0.0,4105.21,4107.4,219.0,1145.43,00:00:01:00,1.43,327,333960.0,2025-10-22 00:50:00,111472.0,2025-10-22 00:45:00,27884.0,2025-10-22 00:00:00,7169.0,2025-10-22 00:00:00,1390.0,2025-10-22
2025-10-22 00:50:00,2025-10-22 00:50:00,XAUUSD,Buy,5.39,4110.49,0.0,4111.99,4110.49,-150.0,-832.76,00:00:00:00,-1.03,328,333960.0,2025-10-22 00:50:00,111472.0,2025-10-22 00:45:00,27884.0,2025-10-22 00:00:00,7169.0,2025-10-22 00:00:00,1390.0,2025-10-22
2025-10-21 19:10:00,2025-10-21 19:11:00,XAUUSD,Buy,5.39,4114.4,0.0,4114.31,4114.4,9.0,24.25,00:00:01:00,0.03,329,333892.0,2025-10-21 19:10:00,111449.0,2025-10-21 19:00:00,27879.0,2025-10-21 19:00:00,7167.0,2025-10-21 16:00:00,1389.0,2025-10-21
2025-10-21 15:43:00,2025-10-21 15:43:00,XAUUSD,Buy,5.45,4107.21,0.0,4108.71,4107.21,-150.0,-842.03,00:00:00:00,-1.03,330,333850.0,2025-10-21 15:40:00,111435.0,2025-10-21 15:30:00,27875.0,2025-10-21 15:00:00,7166.0,2025-10-21 12:00:00,1389.0,2025-10-21
2025-10-21 14:03:00,2025-10-21 14:07:00,XAUUSD,Buy,5.0,4207.5,0.0,4194.12,4207.5,1338.0,6667.5,00:00:04:00,8.88,331,333830.0,2025-10-21 14:00:00,111429.0,2025-10-21 14:00:00,27874.0,2025-10-21 14:00:00,7166.0,2025-10-21 12:00:00,1389.0,2025-10-21
2025-10-20 23:36:00,2025-10-20 23:36:00,XAUUSD,Buy,5.06,4363.44,0.0,4364.94,4363.44,-150.0,-781.77,00:00:00:00,-1.03,332,333657.0,2025-10-20 23:35:00,111371.0,2025-10-20 23:30:00,27859.0,2025-10-20 23:00:00,7162.0,2025-10-20 20:00:00,1388.0,2025-10-20
2025-10-20 15:02:00,2025-10-20 15:02:00,XAUUSD,Buy,5.11,4294.83,0.0,4296.33,4294.83,-150.0,-789.5,00:00:00:00,-1.03,333,333554.0,2025-10-20 15:00:00,111337.0,2025-10-20 15:00:00,27851.0,2025-10-20 15:00:00,7160.0,2025-10-20 12:00:00,1388.0,2025-10-20
2025-10-20 11:09:00,2025-10-20 11:09:00,XAUUSD,Buy,5.16,4247.22,0.0,4248.72,4247.22,-150.0,-797.22,00:00:00:00,-1.03,334,333507.0,2025-10-20 11:05:00,111321.0,2025-10-20 11:00:00,27847.0,2025-10-20 11:00:00,7159.0,2025-10-20 08:00:00,1388.0,2025-10-20
2025-10-20 09:52:00,2025-10-20 10:00:00,XAUUSD,Buy,4.98,4258.6,0.0,4252.93,4258.6,567.0,2801.25,00:00:08:00,3.75,335,333492.0,2025-10-20 09:50:00,111316.0,2025-10-20 09:45:00,27845.0,2025-10-20 09:00:00,7159.0,2025-10-20 08:00:00,1388.0,2025-10-20
2025-10-17 20:16:00,2025-10-17 20:16:00,XAUUSD,Buy,5.03,4221.32,0.0,4222.82,4221.32,-150.0,-777.14,00:00:00:00,-1.03,336,333318.0,2025-10-17 20:15:00,111258.0,2025-10-17 20:15:00,27831.0,2025-10-17 20:00:00,7155.0,2025-10-17 20:00:00,1386.0,2025-10-17
2025-10-17 19:57:00,2025-10-17 20:01:00,XAUUSD,Buy,4.93,4235.5,0.0,4232.62,4235.5,288.0,1397.65,00:00:04:00,1.89,337,333314.0,2025-10-17 19:55:00,111256.0,2025-10-17 19:45:00,27830.0,2025-10-17 19:00:00,7154.0,2025-10-17 16:00:00,1386.0,2025-10-17
2025-10-17 17:56:00,2025-10-17 17:58:00,XAUUSD,Buy,4.89,4204.0,0.0,4202.52,4204.0,148.0,701.71,00:00:02:00,0.96,338,333290.0,2025-10-17 17:55:00,111248.0,2025-10-17 17:45:00,27828.0,2025-10-17 17:00:00,7154.0,2025-10-17 16:00:00,1386.0,2025-10-17
2025-10-17 17:27:00,2025-10-17 17:28:00,XAUUSD,Buy,4.89,4222.9,0.0,4222.82,4222.9,8.0,17.11,00:00:01:00,0.02,339,333284.0,2025-10-17 17:25:00,111246.0,2025-10-17 17:15:00,27828.0,2025-10-17 17:00:00,7154.0,2025-10-17 16:00:00,1386.0,2025-10-17
2025-10-17 15:36:00,2025-10-17 15:38:00,XAUUSD,Buy,4.65,4240.4,0.0,4232.62,4240.4,778.0,3596.77,00:00:02:00,5.16,340,333262.0,2025-10-17 15:35:00,111239.0,2025-10-17 15:30:00,27826.0,2025-10-17 15:00:00,7153.0,2025-10-17 12:00:00,1386.0,2025-10-17
2025-10-17 15:15:00,2025-10-17 15:16:00,XAUUSD,Buy,4.36,4229.2,0.0,4219.32,4229.2,988.0,4288.06,00:00:01:00,6.56,341,333258.0,2025-10-17 15:15:00,111238.0,2025-10-17 15:15:00,27826.0,2025-10-17 15:00:00,7153.0,2025-10-17 12:00:00,1386.0,2025-10-17
2025-10-17 12:45:00,2025-10-17 12:47:00,XAUUSD,Buy,4.18,4312.5,0.0,4306.13,4312.5,637.0,2643.85,00:00:02:00,4.21,342,333228.0,2025-10-17 12:45:00,111228.0,2025-10-17 12:45:00,27823.0,2025-10-17 12:00:00,7153.0,2025-10-17 12:00:00,1386.0,2025-10-17
2025-10-17 12:32:00,2025-10-17 12:32:00,XAUUSD,Buy,4.23,4313.73,0.0,4315.23,4313.73,-150.0,-653.54,00:00:00:00,-1.03,343,333225.0,2025-10-17 12:30:00,111227.0,2025-10-17 12:30:00,27823.0,2025-10-17 12:00:00,7153.0,2025-10-17 12:00:00,1386.0,2025-10-17
2025-10-17 08:52:00,2025-10-17 08:52:00,XAUUSD,Buy,4.27,4338.93,0.0,4340.43,4338.93,-150.0,-659.72,00:00:00:00,-1.03,344,333181.0,2025-10-17 08:50:00,111212.0,2025-10-17 08:45:00,27819.0,2025-10-17 08:00:00,7152.0,2025-10-17 08:00:00,1386.0,2025-10-17
2025-10-17 02:15:00,2025-10-17 02:15:00,XAUUSD,Buy,4.32,4345.93,0.0,4347.43,4345.93,-150.0,-667.44,00:00:00:00,-1.03,345,333102.0,2025-10-17 02:15:00,111186.0,2025-10-17 02:15:00,27813.0,2025-10-17 02:00:00,7150.0,2025-10-17 00:00:00,1386.0,2025-10-17
2025-10-17 00:37:00,2025-10-17 00:39:00,XAUUSD,Buy,4.11,4360.1,0.0,4352.34,4360.1,776.0,3170.86,00:00:02:00,5.15,346,333082.0,2025-10-17 00:35:00,111179.0,2025-10-17 00:30:00,27811.0,2025-10-17 00:00:00,7150.0,2025-10-17 00:00:00,1386.0,2025-10-17
2025-10-17 00:36:00,2025-10-17 00:36:00,XAUUSD,Buy,4.15,4357.14,0.0,4358.64,4357.14,-150.0,-641.18,00:00:00:00,-1.03,347,333082.0,2025-10-17 00:35:00,111179.0,2025-10-17 00:30:00,27811.0,2025-10-17 00:00:00,7150.0,2025-10-17 00:00:00,1386.0,2025-10-17
2025-10-16 23:21:00,2025-10-16 23:22:00,XAUUSD,Buy,4.19,4366.94,0.0,4368.44,4366.94,-150.0,-647.36,00:00:01:00,-1.03,348,333067.0,2025-10-16 23:20:00,111174.0,2025-10-16 23:15:00,27810.0,2025-10-16 23:00:00,7149.0,2025-10-16 20:00:00,1385.0,2025-10-16
2025-10-16 07:48:00,2025-10-16 07:54:00,XAUUSD,Buy,4.08,4220.8,0.0,4216.52,4220.8,428.0,1727.88,00:00:06:00,2.83,349,332880.0,2025-10-16 07:45:00,111112.0,2025-10-16 07:45:00,27794.0,2025-10-16 07:00:00,7145.0,2025-10-16 04:00:00,1385.0,2025-10-16
2025-10-16 06:32:00,2025-10-16 06:33:00,XAUUSD,Buy,4.06,4215.2,0.0,4214.42,4215.2,78.0,298.41,00:00:01:00,0.49,350,332865.0,2025-10-16 06:30:00,111107.0,2025-10-16 06:30:00,27793.0,2025-10-16 06:00:00,7145.0,2025-10-16 04:00:00,1385.0,2025-10-16
2025-10-15 10:22:00,2025-10-15 10:23:00,XAUUSD,Buy,3.65,4183.0,0.0,4166.12,4183.0,1688.0,6144.77,00:00:01:00,11.24,351,332623.0,2025-10-15 10:20:00,111026.0,2025-10-15 10:15:00,27773.0,2025-10-15 10:00:00,7140.0,2025-10-15 08:00:00,1384.0,2025-10-15
2025-10-14 17:09:00,2025-10-14 17:14:00,XAUUSD,Buy,3.61,4131.9,0.0,4130.41,4131.9,149.0,521.64,00:00:05:00,0.96,352,332416.0,2025-10-14 17:05:00,110957.0,2025-10-14 17:00:00,27756.0,2025-10-14 17:00:00,7136.0,2025-10-14 16:00:00,1383.0,2025-10-14
2025-10-14 07:47:00,2025-10-14 07:48:00,XAUUSD,Buy,3.51,4096.9,0.0,4092.61,4096.9,429.0,1489.99,00:00:01:00,2.83,353,332304.0,2025-10-14 07:45:00,110920.0,2025-10-14 07:45:00,27746.0,2025-10-14 07:00:00,7133.0,2025-10-14 04:00:00,1383.0,2025-10-14
2025-10-14 07:24:00,2025-10-14 07:26:00,XAUUSD,Buy,3.16,4109.5,0.0,4092.61,4109.5,1689.0,5323.02,00:00:02:00,11.24,354,332299.0,2025-10-14 07:20:00,110918.0,2025-10-14 07:15:00,27746.0,2025-10-14 07:00:00,7133.0,2025-10-14 04:00:00,1383.0,2025-10-14
2025-10-13 18:53:00,2025-10-13 18:55:00,XAUUSD,Buy,3.19,4100.91,0.0,4102.41,4100.91,-150.0,-492.86,00:00:02:00,-1.03,355,332149.0,2025-10-13 18:50:00,110868.0,2025-10-13 18:45:00,27733.0,2025-10-13 18:00:00,7130.0,2025-10-13 16:00:00,1382.0,2025-10-13
2025-10-13 07:00:00,2025-10-13 07:01:00,XAUUSD,Buy,3.16,4065.4,0.0,4063.91,4065.4,149.0,456.62,00:00:01:00,0.96,356,332007.0,2025-10-13 07:00:00,110821.0,2025-10-13 07:00:00,27722.0,2025-10-13 07:00:00,7127.0,2025-10-13 04:00:00,1382.0,2025-10-13
2025-10-10 17:20:00,2025-10-10 17:21:00,XAUUSD,Buy,3.11,3981.4,0.0,3979.2,3981.4,220.0,670.2,00:00:01:00,1.43,357,331832.0,2025-10-10 17:20:00,110762.0,2025-10-10 17:15:00,27707.0,2025-10-10 17:00:00,7123.0,2025-10-10 16:00:00,1380.0,2025-10-10
2025-09-11 08:10:00,2025-09-11 08:14:00,XAUUSD,Buy,3.11,3627.9,0.0,3627.76,3627.9,14.0,29.54,00:00:04:00,0.06,358,325630.0,2025-09-11 08:10:00,108693.0,2025-09-11 08:00:00,27190.0,2025-09-11 08:00:00,6991.0,2025-09-11 08:00:00,1355.0,2025-09-11
2025-09-10 20:38:00,2025-09-10 21:10:00,XAUUSD,Buy,3.04,3640.5,0.0,3636.86,3640.5,364.0,1092.88,00:00:32:00,2.4,359,325491.0,2025-09-10 20:35:00,108647.0,2025-09-10 20:30:00,27178.0,2025-09-10 20:00:00,6988.0,2025-09-10 20:00:00,1354.0,2025-09-10
2025-09-09 20:51:00,2025-09-09 20:59:00,XAUUSD,Buy,3.06,3629.3,0.0,3629.86,3629.3,-56.0,-185.13,00:00:08:00,-0.4,360,325206.0,2025-09-09 20:50:00,108552.0,2025-09-09 20:45:00,27154.0,2025-09-09 20:00:00,6982.0,2025-09-09 20:00:00,1353.0,2025-09-09
2025-09-09 07:07:00,2025-09-09 07:08:00,XAUUSD,Buy,3.05,3644.0,0.0,3643.16,3644.0,84.0,242.47,00:00:01:00,0.53,361,325041.0,2025-09-09 07:05:00,108497.0,2025-09-09 07:00:00,27141.0,2025-09-09 07:00:00,6978.0,2025-09-09 04:00:00,1353.0,2025-09-09
2025-09-08 16:32:00,2025-09-08 16:36:00,XAUUSD,Buy,3.08,3634.66,0.0,3636.16,3634.66,-150.0,-475.86,00:00:04:00,-1.03,362,324866.0,2025-09-08 16:30:00,108439.0,2025-09-08 16:30:00,27126.0,2025-09-08 16:00:00,6975.0,2025-09-08 16:00:00,1352.0,2025-09-08
2025-09-04 23:16:00,2025-09-04 23:39:00,XAUUSD,Buy,3.06,3541.8,0.0,3540.95,3541.8,85.0,246.33,00:00:23:00,0.54,363,324360.0,2025-09-04 23:15:00,108270.0,2025-09-04 23:15:00,27084.0,2025-09-04 23:00:00,6963.0,2025-09-04 20:00:00,1349.0,2025-09-04
2025-09-04 18:48:00,2025-09-04 18:56:00,XAUUSD,Buy,3.1,3542.97,0.0,3544.47,3542.97,-150.0,-478.95,00:00:08:00,-1.03,364,324306.0,2025-09-04 18:45:00,108252.0,2025-09-04 18:45:00,27079.0,2025-09-04 18:00:00,6962.0,2025-09-04 16:00:00,1349.0,2025-09-04
2025-09-04 15:23:00,2025-09-04 15:32:00,XAUUSD,Buy,3.0,3541.8,0.0,3536.75,3541.8,505.0,1501.5,00:00:09:00,3.34,365,324265.0,2025-09-04 15:20:00,108238.0,2025-09-04 15:15:00,27076.0,2025-09-04 15:00:00,6961.0,2025-09-04 12:00:00,1349.0,2025-09-04
2025-09-03 20:26:00,2025-09-03 20:30:00,XAUUSD,Buy,2.98,3563.5,0.0,3562.66,3563.5,84.0,236.91,00:00:04:00,0.53,366,324038.0,2025-09-03 20:25:00,108162.0,2025-09-03 20:15:00,27057.0,2025-09-03 20:00:00,6957.0,2025-09-03 20:00:00,1348.0,2025-09-03
2025-09-01 10:40:00,2025-09-01 10:54:00,XAUUSD,Buy,3.01,3468.05,0.0,3469.55,3468.05,-150.0,-465.05,00:00:14:00,-1.03,367,323363.0,2025-09-01 10:40:00,107937.0,2025-09-01 10:30:00,27000.0,2025-09-01 10:00:00,6942.0,2025-09-01 08:00:00,1346.0,2025-09-01
2025-09-01 08:07:00,2025-09-01 08:10:00,XAUUSD,Buy,3.04,3477.15,0.0,3478.65,3477.15,-150.0,-469.68,00:00:03:00,-1.03,368,323332.0,2025-09-01 08:05:00,107927.0,2025-09-01 08:00:00,26998.0,2025-09-01 08:00:00,6942.0,2025-09-01 08:00:00,1346.0,2025-09-01
2025-09-01 03:17:00,2025-09-01 03:20:00,XAUUSD,Buy,2.97,3460.6,0.0,3456.95,3460.6,365.0,1070.68,00:00:03:00,2.4,369,323274.0,2025-09-01 03:15:00,107908.0,2025-09-01 03:15:00,26993.0,2025-09-01 03:00:00,6940.0,2025-09-01 00:00:00,1346.0,2025-09-01
2025-08-29 01:45:00,2025-08-29 02:01:00,XAUUSD,Buy,2.98,3413.0,0.0,3413.54,3413.0,-54.0,-174.33,00:00:16:00,-0.39,370,322957.0,2025-08-29 01:45:00,107802.0,2025-08-29 01:45:00,26966.0,2025-08-29 01:00:00,6933.0,2025-08-29 00:00:00,1344.0,2025-08-29
2025-08-27 11:39:00,2025-08-27 11:44:00,XAUUSD,Buy,3.01,3375.64,0.0,3377.14,3375.64,-150.0,-465.05,00:00:05:00,-1.03,371,322499.0,2025-08-27 11:35:00,107649.0,2025-08-27 11:30:00,26928.0,2025-08-27 11:00:00,6923.0,2025-08-27 08:00:00,1342.0,2025-08-27
2025-08-26 02:10:00,2025-08-26 02:14:00,XAUUSD,Buy,3.04,3375.64,0.0,3377.14,3375.64,-150.0,-469.68,00:00:04:00,-1.03,372,322098.0,2025-08-26 02:10:00,107515.0,2025-08-26 02:00:00,26895.0,2025-08-26 02:00:00,6915.0,2025-08-26 00:00:00,1341.0,2025-08-26
2025-08-22 16:53:00,2025-08-22 16:57:00,XAUUSD,Buy,3.01,3370.3,0.0,3368.74,3370.3,156.0,456.01,00:00:04:00,1.01,373,321687.0,2025-08-22 16:50:00,107378.0,2025-08-22 16:45:00,26860.0,2025-08-22 16:00:00,6906.0,2025-08-22 16:00:00,1338.0,2025-08-22
2025-08-21 02:11:00,2025-08-21 02:18:00,XAUUSD,Buy,3.01,3343.0,0.0,3342.83,3343.0,17.0,37.62,00:00:07:00,0.08,374,321223.0,2025-08-21 02:10:00,107223.0,2025-08-21 02:00:00,26822.0,2025-08-21 02:00:00,6896.0,2025-08-21 00:00:00,1337.0,2025-08-21
2025-08-19 15:53:00,2025-08-19 16:01:00,XAUUSD,Buy,2.92,3324.8,0.0,3322.53,3324.8,227.0,649.7,00:00:08:00,1.49,375,320811.0,2025-08-19 15:50:00,107086.0,2025-08-19 15:45:00,26787.0,2025-08-19 15:00:00,6887.0,2025-08-19 12:00:00,1335.0,2025-08-19
2025-08-19 15:54:00,2025-08-19 16:01:00,XAUUSD,Buy,2.89,3324.8,0.0,3321.83,3324.8,297.0,845.32,00:00:07:00,1.91,376,320811.0,2025-08-19 15:50:00,107086.0,2025-08-19 15:45:00,26787.0,2025-08-19 15:00:00,6887.0,2025-08-19 12:00:00,1335.0,2025-08-19
2025-08-19 15:48:00,2025-08-19 15:50:00,XAUUSD,Buy,2.94,3323.31,0.0,3324.81,3323.31,-150.0,-454.23,00:00:02:00,-1.03,377,320810.0,2025-08-19 15:45:00,107086.0,2025-08-19 15:45:00,26787.0,2025-08-19 15:00:00,6887.0,2025-08-19 12:00:00,1335.0,2025-08-19
2025-08-18 00:19:00,2025-08-18 00:46:00,XAUUSD,Buy,2.89,3327.6,0.0,3324.63,3327.6,297.0,845.32,00:00:27:00,1.95,378,320336.0,2025-08-18 00:15:00,106928.0,2025-08-18 00:15:00,26748.0,2025-08-18 00:00:00,6878.0,2025-08-18 00:00:00,1334.0,2025-08-18
2025-08-14 15:09:00,2025-08-14 15:11:00,XAUUSD,Buy,2.87,3336.7,0.0,3335.83,3336.7,87.0,236.77,00:00:02:00,0.55,379,319927.0,2025-08-14 15:05:00,106791.0,2025-08-14 15:00:00,26714.0,2025-08-14 15:00:00,6868.0,2025-08-14 12:00:00,1331.0,2025-08-14
2025-08-14 14:30:00,2025-08-14 14:33:00,XAUUSD,Buy,2.85,3347.2,0.0,3346.33,3347.2,87.0,235.12,00:00:03:00,0.55,380,319920.0,2025-08-14 14:30:00,106789.0,2025-08-14 14:30:00,26713.0,2025-08-14 14:00:00,6868.0,2025-08-14 12:00:00,1331.0,2025-08-14
2025-08-14 08:46:00,2025-08-14 08:51:00,XAUUSD,Buy,2.89,3349.04,0.0,3350.54,3349.04,-150.0,-446.51,00:00:05:00,-1.03,381,319851.0,2025-08-14 08:45:00,106766.0,2025-08-14 08:45:00,26707.0,2025-08-14 08:00:00,6867.0,2025-08-14 08:00:00,1331.0,2025-08-14
2025-08-14 08:46:00,2025-08-14 08:50:00,XAUUSD,Buy,2.91,3349.84,0.0,3351.34,3349.84,-150.0,-449.6,00:00:04:00,-1.03,382,319851.0,2025-08-14 08:45:00,106766.0,2025-08-14 08:45:00,26707.0,2025-08-14 08:00:00,6867.0,2025-08-14 08:00:00,1331.0,2025-08-14
2025-08-14 04:19:00,2025-08-14 04:31:00,XAUUSD,Buy,2.96,3357.0,0.0,3358.5,3357.0,-150.0,-457.32,00:00:12:00,-1.03,383,319797.0,2025-08-14 04:15:00,106748.0,2025-08-14 04:15:00,26703.0,2025-08-14 04:00:00,6866.0,2025-08-14 04:00:00,1331.0,2025-08-14
2025-08-14 04:20:00,2025-08-14 04:31:00,XAUUSD,Buy,2.93,3357.0,0.0,3357.54,3357.0,-54.0,-171.41,00:00:11:00,-0.39,384,319798.0,2025-08-14 04:20:00,106748.0,2025-08-14 04:15:00,26703.0,2025-08-14 04:00:00,6866.0,2025-08-14 04:00:00,1331.0,2025-08-14
2025-08-11 13:31:00,2025-08-11 13:35:00,XAUUSD,Buy,2.89,3348.6,0.0,3344.93,3348.6,367.0,1047.62,00:00:04:00,2.42,385,319044.0,2025-08-11 13:30:00,106497.0,2025-08-11 13:30:00,26640.0,2025-08-11 13:00:00,6850.0,2025-08-11 12:00:00,1328.0,2025-08-11
2025-08-11 12:14:00,2025-08-11 12:17:00,XAUUSD,Buy,2.9,3353.5,0.0,3354.04,3353.5,-54.0,-169.65,00:00:03:00,-0.39,386,319028.0,2025-08-11 12:10:00,106491.0,2025-08-11 12:00:00,26639.0,2025-08-11 12:00:00,6850.0,2025-08-11 12:00:00,1328.0,2025-08-11
2025-08-07 09:25:00,2025-08-07 09:29:00,XAUUSD,Buy,2.93,3373.54,0.0,3375.04,3373.54,-150.0,-452.69,00:00:04:00,-1.03,387,318408.0,2025-08-07 09:25:00,106284.0,2025-08-07 09:15:00,26587.0,2025-08-07 09:00:00,6836.0,2025-08-07 08:00:00,1325.0,2025-08-07
2025-08-07 09:09:00,2025-08-07 09:11:00,XAUUSD,Buy,2.87,3385.0,0.0,3382.04,3385.0,296.0,836.6,00:00:02:00,1.94,388,318404.0,2025-08-07 09:05:00,106283.0,2025-08-07 09:00:00,26587.0,2025-08-07 09:00:00,6836.0,2025-08-07 08:00:00,1325.0,2025-08-07
2025-08-05 10:46:00,2025-08-05 10:53:00,XAUUSD,Buy,2.88,3362.6,0.0,3363.14,3362.6,-54.0,-168.48,00:00:07:00,-0.39,389,317848.0,2025-08-05 10:45:00,106098.0,2025-08-05 10:45:00,26540.0,2025-08-05 10:00:00,6824.0,2025-08-05 08:00:00,1323.0,2025-08-05
2025-08-04 02:00:00,2025-08-04 02:05:00,XAUUSD,Buy,2.85,3352.8,0.0,3351.24,3352.8,156.0,431.77,00:00:05:00,1.01,390,317455.0,2025-08-04 02:00:00,105967.0,2025-08-04 02:00:00,26508.0,2025-08-04 02:00:00,6816.0,2025-08-04 00:00:00,1322.0,2025-08-04
2025-08-01 15:37:00,2025-08-01 15:39:00,XAUUSD,Buy,2.86,3343.7,0.0,3343.59,3343.7,11.0,18.59,00:00:02:00,0.04,391,317319.0,2025-08-01 15:35:00,105921.0,2025-08-01 15:30:00,26496.0,2025-08-01 15:00:00,6812.0,2025-08-01 12:00:00,1320.0,2025-08-01
2025-08-01 15:32:00,2025-08-01 15:34:00,XAUUSD,Buy,2.88,3343.43,0.0,3344.93,3343.43,-150.0,-444.96,00:00:02:00,-1.03,392,317318.0,2025-08-01 15:30:00,105921.0,2025-08-01 15:30:00,26496.0,2025-08-01 15:00:00,6812.0,2025-08-01 12:00:00,1320.0,2025-08-01
2025-07-28 14:55:00,2025-07-28 14:56:00,XAUUSD,Buy,2.88,3307.3,0.0,3307.13,3307.3,17.0,36.0,00:00:01:00,0.08,393,316159.0,2025-07-28 14:55:00,105534.0,2025-07-28 14:45:00,26399.0,2025-07-28 14:00:00,6788.0,2025-07-28 12:00:00,1316.0,2025-07-28
2025-07-25 04:08:00,2025-07-25 04:37:00,XAUUSD,Buy,2.91,3360.24,0.0,3361.74,3360.24,-150.0,-449.6,00:00:29:00,-1.03,394,315730.0,2025-07-25 04:05:00,105391.0,2025-07-25 04:00:00,26364.0,2025-07-25 04:00:00,6779.0,2025-07-25 04:00:00,1314.0,2025-07-25
2025-07-24 13:53:00,2025-07-24 14:00:00,XAUUSD,Buy,2.92,3352.8,0.0,3353.34,3352.8,-54.0,-170.82,00:00:07:00,-0.39,395,315559.0,2025-07-24 13:50:00,105334.0,2025-07-24 13:45:00,26349.0,2025-07-24 13:00:00,6775.0,2025-07-24 12:00:00,1313.0,2025-07-24
2025-07-24 10:26:00,2025-07-24 10:30:00,XAUUSD,Buy,2.95,3362.34,0.0,3363.84,3362.34,-150.0,-455.78,00:00:04:00,-1.03,396,315518.0,2025-07-24 10:25:00,105320.0,2025-07-24 10:15:00,26346.0,2025-07-24 10:00:00,6774.0,2025-07-24 08:00:00,1313.0,2025-07-24
2025-07-24 09:02:00,2025-07-24 09:08:00,XAUUSD,Buy,2.94,3367.5,0.0,3366.64,3367.5,86.0,239.61,00:00:06:00,0.54,397,315501.0,2025-07-24 09:00:00,105315.0,2025-07-24 09:00:00,26345.0,2025-07-24 09:00:00,6774.0,2025-07-24 08:00:00,1313.0,2025-07-24
2025-07-23 17:02:00,2025-07-23 17:03:00,XAUUSD,Buy,2.93,3389.2,0.0,3388.34,3389.2,86.0,238.79,00:00:01:00,0.55,398,315309.0,2025-07-23 17:00:00,105251.0,2025-07-23 17:00:00,26329.0,2025-07-23 17:00:00,6770.0,2025-07-23 16:00:00,1312.0,2025-07-23
2025-07-23 16:59:00,2025-07-23 16:59:00,XAUUSD,Buy,2.95,3398.84,0.0,3400.34,3398.84,-150.0,-455.78,00:00:00:00,-1.03,399,315308.0,2025-07-23 16:55:00,105250.0,2025-07-23 16:45:00,26328.0,2025-07-23 16:00:00,6770.0,2025-07-23 16:00:00,1312.0,2025-07-23
2025-07-23 14:05:00,2025-07-23 14:10:00,XAUUSD,Buy,2.94,3414.4,0.0,3413.54,3414.4,86.0,239.61,00:00:05:00,0.54,400,315274.0,2025-07-23 14:05:00,105239.0,2025-07-23 14:00:00,26326.0,2025-07-23 14:00:00,6769.0,2025-07-23 12:00:00,1312.0,2025-07-23
2025-07-23 14:04:00,2025-07-23 14:06:00,XAUUSD,Buy,2.97,3412.9,0.0,3414.4,3412.9,-150.0,-458.87,00:00:02:00,-1.03,401,315273.0,2025-07-23 14:00:00,105239.0,2025-07-23 14:00:00,26326.0,2025-07-23 14:00:00,6769.0,2025-07-23 12:00:00,1312.0,2025-07-23
2025-07-23 11:34:00,2025-07-23 12:07:00,XAUUSD,Buy,3.0,3421.14,0.0,3422.64,3421.14,-150.0,-463.5,00:00:33:00,-1.03,402,315243.0,2025-07-23 11:30:00,105229.0,2025-07-23 11:30:00,26323.0,2025-07-23 11:00:00,6768.0,2025-07-23 08:00:00,1312.0,2025-07-23
2025-07-16 21:12:00,2025-07-16 21:34:00,XAUUSD,Buy,3.03,3346.93,0.0,3348.43,3346.93,-150.0,-468.14,00:00:22:00,-1.03,403,313908.0,2025-07-16 21:10:00,104783.0,2025-07-16 21:00:00,26212.0,2025-07-16 21:00:00,6740.0,2025-07-16 20:00:00,1306.0,2025-07-16
2025-07-15 16:33:00,2025-07-15 16:34:00,XAUUSD,Buy,3.06,3326.63,0.0,3328.13,3326.63,-150.0,-472.77,00:00:01:00,-1.03,404,313564.0,2025-07-15 16:30:00,104669.0,2025-07-15 16:30:00,26183.0,2025-07-15 16:00:00,6733.0,2025-07-15 16:00:00,1305.0,2025-07-15
2025-07-10 13:03:00,2025-07-10 13:24:00,XAUUSD,Buy,3.03,3320.6,0.0,3319.03,3320.6,157.0,462.07,00:00:21:00,1.02,405,312647.0,2025-07-10 13:00:00,104363.0,2025-07-10 13:00:00,26107.0,2025-07-10 13:00:00,6713.0,2025-07-10 12:00:00,1301.0,2025-07-10
2025-07-08 14:52:00,2025-07-08 15:02:00,XAUUSD,Buy,3.06,3314.03,0.0,3315.53,3314.03,-150.0,-472.77,00:00:10:00,-1.03,406,312093.0,2025-07-08 14:50:00,104178.0,2025-07-08 14:45:00,26060.0,2025-07-08 14:00:00,6701.0,2025-07-08 12:00:00,1299.0,2025-07-08
2025-07-04 10:36:00,2025-07-04 10:56:00,XAUUSD,Buy,3.04,3335.3,0.0,3334.43,3335.3,87.0,250.8,00:00:20:00,0.55,407,311501.0,2025-07-04 10:35:00,103980.0,2025-07-04 10:30:00,26010.0,2025-07-04 10:00:00,6688.0,2025-07-04 08:00:00,1296.0,2025-07-04
2025-07-01 14:19:00,2025-07-01 14:30:00,XAUUSD,Buy,3.04,3348.6,0.0,3348.43,3348.6,17.0,38.0,00:00:11:00,0.08,408,310681.0,2025-07-01 14:15:00,103707.0,2025-07-01 14:15:00,25942.0,2025-07-01 14:00:00,6671.0,2025-07-01 12:00:00,1293.0,2025-07-01
2025-06-30 12:32:00,2025-06-30 12:37:00,XAUUSD,Buy,3.01,3278.6,0.0,3277.03,3278.6,157.0,459.02,00:00:05:00,1.02,409,310372.0,2025-06-30 12:30:00,103604.0,2025-06-30 12:30:00,25916.0,2025-06-30 12:00:00,6665.0,2025-06-30 12:00:00,1292.0,2025-06-30
2025-06-27 05:02:00,2025-06-27 05:25:00,XAUUSD,Buy,2.98,3294.7,0.0,3293.13,3294.7,157.0,454.45,00:00:23:00,1.02,410,309983.0,2025-06-27 05:00:00,103474.0,2025-06-27 05:00:00,25884.0,2025-06-27 05:00:00,6656.0,2025-06-27 04:00:00,1290.0,2025-06-27
2025-06-27 04:22:00,2025-06-27 04:32:00,XAUUSD,Buy,2.96,3301.7,0.0,3300.83,3301.7,87.0,244.2,00:00:10:00,0.55,411,309975.0,2025-06-27 04:20:00,103471.0,2025-06-27 04:15:00,25883.0,2025-06-27 04:00:00,6656.0,2025-06-27 04:00:00,1290.0,2025-06-27
2025-06-26 23:27:00,2025-06-26 23:39:00,XAUUSD,Buy,2.99,3321.73,0.0,3323.23,3321.73,-150.0,-461.96,00:00:12:00,-1.03,412,309916.0,2025-06-26 23:25:00,103451.0,2025-06-26 23:15:00,25878.0,2025-06-26 23:00:00,6654.0,2025-06-26 20:00:00,1289.0,2025-06-26
2025-06-26 14:36:00,2025-06-26 14:38:00,XAUUSD,Buy,2.99,3312.2,0.0,3312.03,3312.2,17.0,37.37,00:00:02:00,0.08,413,309810.0,2025-06-26 14:35:00,103416.0,2025-06-26 14:30:00,25869.0,2025-06-26 14:00:00,6652.0,2025-06-26 12:00:00,1289.0,2025-06-26
2025-06-26 12:48:00,2025-06-26 12:52:00,XAUUSD,Buy,2.99,3333.9,0.0,3333.73,3333.9,17.0,37.37,00:00:04:00,0.08,414,309788.0,2025-06-26 12:45:00,103409.0,2025-06-26 12:45:00,25867.0,2025-06-26 12:00:00,6652.0,2025-06-26 12:00:00,1289.0,2025-06-26
2025-06-26 10:17:00,2025-06-26 10:22:00,XAUUSD,Buy,3.02,3339.93,0.0,3341.43,3339.93,-150.0,-466.59,00:00:05:00,-1.03,415,309758.0,2025-06-26 10:15:00,103399.0,2025-06-26 10:15:00,25865.0,2025-06-26 10:00:00,6651.0,2025-06-26 08:00:00,1289.0,2025-06-26
2025-06-25 09:20:00,2025-06-25 09:33:00,XAUUSD,Buy,2.98,3329.7,0.0,3327.43,3329.7,227.0,663.05,00:00:13:00,1.49,416,309459.0,2025-06-25 09:20:00,103299.0,2025-06-25 09:15:00,25840.0,2025-06-25 09:00:00,6645.0,2025-06-25 08:00:00,1288.0,2025-06-25
2025-06-24 07:37:00,2025-06-24 07:42:00,XAUUSD,Buy,2.88,3322.0,0.0,3316.93,3322.0,507.0,1447.2,00:00:05:00,3.35,417,309150.0,2025-06-24 07:35:00,103196.0,2025-06-24 07:30:00,25814.0,2025-06-24 07:00:00,6638.0,2025-06-24 04:00:00,1287.0,2025-06-24
2025-06-23 02:27:00,2025-06-23 02:31:00,XAUUSD,Buy,2.86,3353.5,0.0,3353.44,3353.5,6.0,4.29,00:00:04:00,0.01,418,308800.0,2025-06-23 02:25:00,103079.0,2025-06-23 02:15:00,25785.0,2025-06-23 02:00:00,6631.0,2025-06-23 00:00:00,1286.0,2025-06-23
2025-06-23 02:28:00,2025-06-23 02:31:00,XAUUSD,Buy,2.84,3353.5,0.0,3352.64,3353.5,86.0,231.46,00:00:03:00,0.54,419,308800.0,2025-06-23 02:25:00,103079.0,2025-06-23 02:15:00,25785.0,2025-06-23 02:00:00,6631.0,2025-06-23 00:00:00,1286.0,2025-06-23
2025-06-23 00:08:00,2025-06-23 00:19:00,XAUUSD,Buy,2.85,3375.2,0.0,3374.34,3375.2,86.0,232.27,00:00:11:00,0.54,420,308772.0,2025-06-23 00:05:00,103070.0,2025-06-23 00:00:00,25783.0,2025-06-23 00:00:00,6631.0,2025-06-23 00:00:00,1286.0,2025-06-23
2025-06-20 07:00:00,2025-06-20 07:09:00,XAUUSD,Buy,2.81,3345.8,0.0,3343.53,3345.8,227.0,625.22,00:00:09:00,1.49,421,308556.0,2025-06-20 07:00:00,102998.0,2025-06-20 07:00:00,25765.0,2025-06-20 07:00:00,6625.0,2025-06-20 04:00:00,1284.0,2025-06-20
2025-06-20 04:12:00,2025-06-20 04:18:00,XAUUSD,Buy,2.75,3348.6,0.0,3345.63,3348.6,297.0,804.37,00:00:06:00,1.95,422,308522.0,2025-06-20 04:10:00,102986.0,2025-06-20 04:00:00,25762.0,2025-06-20 04:00:00,6625.0,2025-06-20 04:00:00,1284.0,2025-06-20
2025-06-20 02:19:00,2025-06-20 02:27:00,XAUUSD,Buy,2.73,3361.2,0.0,3359.64,3361.2,156.0,413.59,00:00:08:00,1.01,423,308499.0,2025-06-20 02:15:00,102979.0,2025-06-20 02:15:00,25760.0,2025-06-20 02:00:00,6624.0,2025-06-20 00:00:00,1284.0,2025-06-20
2025-06-19 13:25:00,2025-06-19 13:36:00,XAUUSD,Buy,2.66,3369.6,0.0,3365.94,3369.6,366.0,961.59,00:00:11:00,2.41,424,308363.0,2025-06-19 13:25:00,102933.0,2025-06-19 13:15:00,25748.0,2025-06-19 13:00:00,6621.0,2025-06-19 12:00:00,1283.0,2025-06-19
2025-06-18 19:50:00,2025-06-18 19:53:00,XAUUSD,Buy,2.69,3380.54,0.0,3382.04,3380.54,-150.0,-415.61,00:00:03:00,-1.03,425,308152.0,2025-06-18 19:50:00,102863.0,2025-06-18 19:45:00,25730.0,2025-06-18 19:00:00,6616.0,2025-06-18 16:00:00,1282.0,2025-06-18
2025-06-17 15:36:00,2025-06-17 15:37:00,XAUUSD,Buy,2.72,3372.14,0.0,3373.64,3372.14,-150.0,-420.24,00:00:01:00,-1.03,426,307813.0,2025-06-17 15:35:00,102750.0,2025-06-17 15:30:00,25702.0,2025-06-17 15:00:00,6609.0,2025-06-17 12:00:00,1281.0,2025-06-17
2025-06-16 18:49:00,2025-06-16 19:06:00,XAUUSD,Buy,2.73,3391.3,0.0,3391.84,3391.3,-54.0,-159.71,00:00:17:00,-0.39,427,307563.0,2025-06-16 18:45:00,102667.0,2025-06-16 18:45:00,25681.0,2025-06-16 18:00:00,6604.0,2025-06-16 16:00:00,1280.0,2025-06-16
2025-06-13 15:55:00,2025-06-13 15:57:00,XAUUSD,Buy,2.76,3426.04,0.0,3427.54,3426.04,-150.0,-426.42,00:00:02:00,-1.03,428,307230.0,2025-06-13 15:55:00,102555.0,2025-06-13 15:45:00,25653.0,2025-06-13 15:00:00,6596.0,2025-06-13 12:00:00,1278.0,2025-06-13
2025-06-10 15:03:00,2025-06-10 15:07:00,XAUUSD,Buy,2.77,3338.1,0.0,3338.63,3338.1,-53.0,-159.28,00:00:04:00,-0.38,429,306355.0,2025-06-10 15:00:00,102264.0,2025-06-10 15:00:00,25581.0,2025-06-10 15:00:00,6578.0,2025-06-10 12:00:00,1275.0,2025-06-10
2025-06-09 01:47:00,2025-06-09 01:48:00,XAUUSD,Buy,2.8,3299.33,0.0,3300.83,3299.33,-150.0,-432.6,00:00:01:00,-1.03,430,305908.0,2025-06-09 01:45:00,102115.0,2025-06-09 01:45:00,25543.0,2025-06-09 01:00:00,6569.0,2025-06-09 00:00:00,1274.0,2025-06-09
2025-06-06 17:39:00,2025-06-06 17:49:00,XAUUSD,Buy,2.78,3324.1,0.0,3323.23,3324.1,87.0,229.35,00:00:10:00,0.55,431,305799.0,2025-06-06 17:35:00,102078.0,2025-06-06 17:30:00,25534.0,2025-06-06 17:00:00,6566.0,2025-06-06 16:00:00,1272.0,2025-06-06
2025-06-06 14:24:00,2025-06-06 14:26:00,XAUUSD,Buy,2.75,3351.4,0.0,3349.83,3351.4,157.0,419.37,00:00:02:00,1.02,432,305760.0,2025-06-06 14:20:00,102065.0,2025-06-06 14:15:00,25531.0,2025-06-06 14:00:00,6565.0,2025-06-06 12:00:00,1272.0,2025-06-06
2025-06-06 14:02:00,2025-06-06 14:04:00,XAUUSD,Buy,2.72,3349.3,0.0,3347.73,3349.3,157.0,414.8,00:00:02:00,1.02,433,305756.0,2025-06-06 14:00:00,102064.0,2025-06-06 14:00:00,25531.0,2025-06-06 14:00:00,6565.0,2025-06-06 12:00:00,1272.0,2025-06-06
2025-06-05 16:34:00,2025-06-05 16:36:00,XAUUSD,Buy,2.72,3354.9,0.0,3354.74,3354.9,16.0,31.28,00:00:02:00,0.08,434,305498.0,2025-06-05 16:30:00,101978.0,2025-06-05 16:30:00,25509.0,2025-06-05 16:00:00,6560.0,2025-06-05 16:00:00,1271.0,2025-06-05
2025-06-05 16:17:00,2025-06-05 16:20:00,XAUUSD,Buy,2.7,3363.3,0.0,3361.74,3363.3,156.0,409.05,00:00:03:00,1.01,435,305495.0,2025-06-05 16:15:00,101977.0,2025-06-05 16:15:00,25509.0,2025-06-05 16:00:00,6560.0,2025-06-05 16:00:00,1271.0,2025-06-05
2025-06-04 11:48:00,2025-06-04 11:51:00,XAUUSD,Buy,2.72,3349.04,0.0,3350.54,3349.04,-150.0,-420.24,00:00:03:00,-1.03,436,305153.0,2025-06-04 11:45:00,101863.0,2025-06-04 11:45:00,25480.0,2025-06-04 11:00:00,6552.0,2025-06-04 08:00:00,1270.0,2025-06-04
2025-05-28 07:10:00,2025-05-28 07:22:00,XAUUSD,Buy,2.65,3303.8,0.0,3299.43,3303.8,437.0,1146.12,00:00:12:00,2.89,437,303647.0,2025-05-28 07:10:00,101360.0,2025-05-28 07:00:00,25355.0,2025-05-28 07:00:00,6520.0,2025-05-28 04:00:00,1264.0,2025-05-28
2025-05-28 04:24:00,2025-05-28 04:26:00,XAUUSD,Buy,2.67,3293.73,0.0,3295.23,3293.73,-150.0,-412.52,00:00:02:00,-1.03,438,303613.0,2025-05-28 04:20:00,101349.0,2025-05-28 04:15:00,25352.0,2025-05-28 04:00:00,6520.0,2025-05-28 04:00:00,1264.0,2025-05-28
2025-05-28 03:55:00,2025-05-28 04:12:00,XAUUSD,Buy,2.7,3301.43,0.0,3302.93,3301.43,-150.0,-417.15,00:00:17:00,-1.03,439,303608.0,2025-05-28 03:55:00,101347.0,2025-05-28 03:45:00,25351.0,2025-05-28 03:00:00,6519.0,2025-05-28 00:00:00,1264.0,2025-05-28
2025-05-27 10:37:00,2025-05-27 10:54:00,XAUUSD,Buy,2.69,3296.8,0.0,3295.93,3296.8,87.0,221.92,00:00:17:00,0.55,440,303400.0,2025-05-27 10:35:00,101278.0,2025-05-27 10:30:00,25334.0,2025-05-27 10:00:00,6515.0,2025-05-27 08:00:00,1263.0,2025-05-27
2025-05-27 10:34:00,2025-05-27 10:36:00,XAUUSD,Buy,2.72,3295.19,0.0,3296.69,3295.19,-150.0,-420.24,00:00:02:00,-1.03,441,303399.0,2025-05-27 10:30:00,101278.0,2025-05-27 10:30:00,25334.0,2025-05-27 10:00:00,6515.0,2025-05-27 08:00:00,1263.0,2025-05-27
2025-05-27 06:08:00,2025-05-27 06:20:00,XAUUSD,Buy,2.75,3328.03,0.0,3329.53,3328.03,-150.0,-424.88,00:00:12:00,-1.03,442,303346.0,2025-05-27 06:05:00,101260.0,2025-05-27 06:00:00,25330.0,2025-05-27 06:00:00,6514.0,2025-05-27 04:00:00,1263.0,2025-05-27
2025-05-27 06:02:00,2025-05-27 06:05:00,XAUUSD,Buy,2.77,3330.15,0.0,3331.65,3330.15,-150.0,-427.97,00:00:03:00,-1.03,443,303345.0,2025-05-27 06:00:00,101260.0,2025-05-27 06:00:00,25330.0,2025-05-27 06:00:00,6514.0,2025-05-27 04:00:00,1263.0,2025-05-27
2025-05-26 01:16:00,2025-05-26 01:21:00,XAUUSD,Buy,2.76,3336.7,0.0,3335.83,3336.7,87.0,227.7,00:00:05:00,0.55,444,303018.0,2025-05-26 01:15:00,101151.0,2025-05-26 01:15:00,25302.0,2025-05-26 01:00:00,6507.0,2025-05-26 00:00:00,1262.0,2025-05-26
2025-05-22 16:08:00,2025-05-22 16:11:00,XAUUSD,Buy,2.74,3284.2,0.0,3283.33,3284.2,87.0,226.05,00:00:03:00,0.55,445,302609.0,2025-05-22 16:05:00,101014.0,2025-05-22 16:00:00,25268.0,2025-05-22 16:00:00,6498.0,2025-05-22 16:00:00,1259.0,2025-05-22
2025-05-22 09:33:00,2025-05-22 09:36:00,XAUUSD,Buy,2.75,3312.9,0.0,3313.43,3312.9,-53.0,-158.13,00:00:03:00,-0.38,446,302530.0,2025-05-22 09:30:00,100988.0,2025-05-22 09:30:00,25261.0,2025-05-22 09:00:00,6496.0,2025-05-22 08:00:00,1259.0,2025-05-22
2025-05-21 02:26:00,2025-05-21 02:27:00,XAUUSD,Buy,2.74,3288.4,0.0,3287.53,3288.4,87.0,226.05,00:00:01:00,0.55,447,302157.0,2025-05-21 02:25:00,100863.0,2025-05-21 02:15:00,25230.0,2025-05-21 02:00:00,6488.0,2025-05-21 00:00:00,1258.0,2025-05-21
2025-05-20 07:45:00,2025-05-20 08:01:00,XAUUSD,Buy,2.77,3208.32,0.0,3209.82,3208.32,-150.0,-427.97,00:00:16:00,-1.03,448,301933.0,2025-05-20 07:45:00,100789.0,2025-05-20 07:45:00,25211.0,2025-05-20 07:00:00,6483.0,2025-05-20 04:00:00,1257.0,2025-05-20
2025-05-19 14:01:00,2025-05-19 14:06:00,XAUUSD,Buy,2.76,3229.6,0.0,3229.42,3229.6,18.0,37.26,00:00:05:00,0.09,449,301720.0,2025-05-19 14:00:00,100718.0,2025-05-19 14:00:00,25194.0,2025-05-19 14:00:00,6479.0,2025-05-19 12:00:00,1256.0,2025-05-19
2025-05-19 04:50:00,2025-05-19 04:55:00,XAUUSD,Buy,2.72,3212.8,0.0,3210.52,3212.8,228.0,607.92,00:00:05:00,1.49,450,301610.0,2025-05-19 04:50:00,100681.0,2025-05-19 04:45:00,25184.0,2025-05-19 04:00:00,6477.0,2025-05-19 04:00:00,1256.0,2025-05-19
2025-05-16 11:53:00,2025-05-16 11:54:00,XAUUSD,Buy,2.72,3172.2,0.0,3172.02,3172.2,18.0,36.72,00:00:01:00,0.09,451,301395.0,2025-05-16 11:50:00,100609.0,2025-05-16 11:45:00,25166.0,2025-05-16 11:00:00,6471.0,2025-05-16 08:00:00,1254.0,2025-05-16
2025-05-16 11:48:00,2025-05-16 11:49:00,XAUUSD,Buy,2.72,3191.8,0.0,3191.62,3191.8,18.0,36.72,00:00:01:00,0.09,452,301394.0,2025-05-16 11:45:00,100609.0,2025-05-16 11:45:00,25166.0,2025-05-16 11:00:00,6471.0,2025-05-16 08:00:00,1254.0,2025-05-16
2025-05-16 09:17:00,2025-05-16 09:47:00,XAUUSD,Buy,2.56,3207.2,0.0,3197.92,3207.2,928.0,2364.16,00:00:30:00,6.16,453,301364.0,2025-05-16 09:15:00,100599.0,2025-05-16 09:15:00,25164.0,2025-05-16 09:00:00,6471.0,2025-05-16 08:00:00,1254.0,2025-05-16
2025-05-14 15:59:00,2025-05-14 16:02:00,XAUUSD,Buy,2.59,3181.02,0.0,3182.52,3181.02,-150.0,-400.16,00:00:03:00,-1.03,454,300868.0,2025-05-14 15:55:00,100433.0,2025-05-14 15:45:00,25122.0,2025-05-14 15:00:00,6460.0,2025-05-14 12:00:00,1252.0,2025-05-14
2025-05-14 13:18:00,2025-05-14 13:20:00,XAUUSD,Buy,2.54,3213.5,0.0,3210.52,3213.5,298.0,745.49,00:00:02:00,1.96,455,300836.0,2025-05-14 13:15:00,100423.0,2025-05-14 13:15:00,25120.0,2025-05-14 13:00:00,6460.0,2025-05-14 12:00:00,1252.0,2025-05-14
2025-05-14 01:20:00,2025-05-14 01:25:00,XAUUSD,Buy,2.56,3242.62,0.0,3244.12,3242.62,-150.0,-395.52,00:00:05:00,-1.03,456,300693.0,2025-05-14 01:20:00,100375.0,2025-05-14 01:15:00,25108.0,2025-05-14 01:00:00,6457.0,2025-05-14 00:00:00,1252.0,2025-05-14
2025-05-13 13:06:00,2025-05-13 13:13:00,XAUUSD,Buy,2.6,3242.0,0.0,3243.5,3242.0,-150.0,-401.7,00:00:07:00,-1.03,457,300546.0,2025-05-13 13:05:00,100326.0,2025-05-13 13:00:00,25096.0,2025-05-13 13:00:00,6454.0,2025-05-13 12:00:00,1251.0,2025-05-13
2025-05-13 13:07:00,2025-05-13 13:13:00,XAUUSD,Buy,2.58,3242.2,0.0,3242.72,3242.2,-52.0,-145.77,00:00:06:00,-0.38,458,300546.0,2025-05-13 13:05:00,100326.0,2025-05-13 13:00:00,25096.0,2025-05-13 13:00:00,6454.0,2025-05-13 12:00:00,1251.0,2025-05-13
2025-05-13 02:33:00,2025-05-13 02:34:00,XAUUSD,Buy,2.63,3225.12,0.0,3226.62,3225.12,-150.0,-406.34,00:00:01:00,-1.03,459,300419.0,2025-05-13 02:30:00,100284.0,2025-05-13 02:30:00,25085.0,2025-05-13 02:00:00,6451.0,2025-05-13 00:00:00,1251.0,2025-05-13
2025-05-12 08:46:00,2025-05-12 08:47:00,XAUUSD,Buy,2.59,3221.9,0.0,3219.62,3221.9,228.0,578.86,00:00:01:00,1.49,460,300206.0,2025-05-12 08:45:00,100213.0,2025-05-12 08:45:00,25067.0,2025-05-12 08:00:00,6447.0,2025-05-12 08:00:00,1250.0,2025-05-12
2025-05-12 08:28:00,2025-05-12 08:29:00,XAUUSD,Buy,2.47,3228.9,0.0,3221.72,3228.9,718.0,1762.34,00:00:01:00,4.75,461,300202.0,2025-05-12 08:25:00,100211.0,2025-05-12 08:15:00,25067.0,2025-05-12 08:00:00,6447.0,2025-05-12 08:00:00,1250.0,2025-05-12
2025-05-12 02:14:00,2025-05-12 02:15:00,XAUUSD,Buy,2.5,3260.83,0.0,3262.33,3260.83,-150.0,-386.25,00:00:01:00,-1.03,462,300127.0,2025-05-12 02:10:00,100186.0,2025-05-12 02:00:00,25061.0,2025-05-12 02:00:00,6445.0,2025-05-12 00:00:00,1250.0,2025-05-12
2025-05-12 00:04:00,2025-05-12 00:17:00,XAUUSD,Buy,2.32,3278.6,0.0,3267.23,3278.6,1137.0,2627.4,00:00:13:00,7.54,463,300101.0,2025-05-12 00:00:00,100178.0,2025-05-12 00:00:00,25059.0,2025-05-12 00:00:00,6445.0,2025-05-12 00:00:00,1250.0,2025-05-12
2025-05-11 23:21:00,2025-05-11 23:22:00,XAUUSD,Buy,2.35,3272.03,0.0,3273.53,3272.03,-150.0,-363.08,00:00:01:00,-1.03,464,300093.0,2025-05-11 23:20:00,100175.0,2025-05-11 23:15:00,25058.0,2025-05-11 23:00:00,6444.0,2025-05-11 20:00:00,1249.0,2025-05-11
2025-05-09 15:03:00,2025-05-09 15:04:00,XAUUSD,Buy,2.37,3323.83,0.0,3325.33,3323.83,-150.0,-366.17,00:00:01:00,-1.03,465,299982.0,2025-05-09 15:00:00,100138.0,2025-05-09 15:00:00,25049.0,2025-05-09 15:00:00,6441.0,2025-05-09 12:00:00,1248.0,2025-05-09
2025-05-09 03:13:00,2025-05-09 03:16:00,XAUUSD,Buy,2.34,3279.3,0.0,3277.03,3279.3,227.0,520.65,00:00:03:00,1.49,466,299840.0,2025-05-09 03:10:00,100090.0,2025-05-09 03:00:00,25037.0,2025-05-09 03:00:00,6438.0,2025-05-09 00:00:00,1248.0,2025-05-09
2025-05-08 20:18:00,2025-05-08 20:20:00,XAUUSD,Buy,2.36,3298.63,0.0,3300.13,3298.63,-150.0,-364.62,00:00:02:00,-1.03,467,299757.0,2025-05-08 20:15:00,100063.0,2025-05-08 20:15:00,25030.0,2025-05-08 20:00:00,6437.0,2025-05-08 20:00:00,1247.0,2025-05-08
2025-05-08 16:37:00,2025-05-08 16:39:00,XAUUSD,Buy,2.31,3345.8,0.0,3342.83,3345.8,297.0,675.67,00:00:02:00,1.95,468,299713.0,2025-05-08 16:35:00,100048.0,2025-05-08 16:30:00,25026.0,2025-05-08 16:00:00,6436.0,2025-05-08 16:00:00,1247.0,2025-05-08
2025-05-08 06:15:00,2025-05-08 06:16:00,XAUUSD,Buy,2.34,3373.54,0.0,3375.04,3373.54,-150.0,-361.53,00:00:01:00,-1.03,469,299589.0,2025-05-08 06:15:00,100007.0,2025-05-08 06:15:00,25016.0,2025-05-08 06:00:00,6433.0,2025-05-08 04:00:00,1247.0,2025-05-08
2025-05-07 19:47:00,2025-05-07 19:49:00,XAUUSD,Buy,2.27,3382.9,0.0,3378.54,3382.9,436.0,979.5,00:00:02:00,2.87,470,299463.0,2025-05-07 19:45:00,99965.0,2025-05-07 19:45:00,25005.0,2025-05-07 19:00:00,6430.0,2025-05-07 16:00:00,1246.0,2025-05-07
2025-05-07 02:07:00,2025-05-07 02:08:00,XAUUSD,Buy,2.24,3373.8,0.0,3371.54,3373.8,226.0,496.16,00:00:01:00,1.48,471,299251.0,2025-05-07 02:05:00,99894.0,2025-05-07 02:00:00,24988.0,2025-05-07 02:00:00,6426.0,2025-05-07 00:00:00,1246.0,2025-05-07
2025-05-05 04:21:00,2025-05-05 04:26:00,XAUUSD,Buy,2.25,3259.0,0.0,3258.83,3259.0,17.0,28.12,00:00:05:00,0.08,472,298702.0,2025-05-05 04:20:00,99711.0,2025-05-05 04:15:00,24942.0,2025-05-05 04:00:00,6415.0,2025-05-05 04:00:00,1244.0,2025-05-05
2025-05-05 04:19:00,2025-05-05 04:21:00,XAUUSD,Buy,2.26,3258.03,0.0,3259.53,3258.03,-150.0,-349.17,00:00:02:00,-1.03,473,298701.0,2025-05-05 04:15:00,99711.0,2025-05-05 04:15:00,24942.0,2025-05-05 04:00:00,6415.0,2025-05-05 04:00:00,1244.0,2025-05-05
2025-05-05 03:18:00,2025-05-05 03:25:00,XAUUSD,Buy,2.21,3264.6,0.0,3260.93,3264.6,367.0,801.12,00:00:07:00,2.42,474,298689.0,2025-05-05 03:15:00,99707.0,2025-05-05 03:15:00,24941.0,2025-05-05 03:00:00,6414.0,2025-05-05 00:00:00,1244.0,2025-05-05
2025-05-02 14:07:00,2025-05-02 14:08:00,XAUUSD,Buy,2.24,3241.22,0.0,3242.72,3241.22,-150.0,-346.08,00:00:01:00,-1.03,475,298520.0,2025-05-02 14:05:00,99650.0,2025-05-02 14:00:00,24927.0,2025-05-02 14:00:00,6410.0,2025-05-02 12:00:00,1242.0,2025-05-02
2025-05-02 14:04:00,2025-05-02 14:04:00,XAUUSD,Buy,2.25,3244.16,0.0,3245.66,3244.16,-150.0,-347.63,00:00:00:00,-1.03,476,298519.0,2025-05-02 14:00:00,99650.0,2025-05-02 14:00:00,24927.0,2025-05-02 14:00:00,6410.0,2025-05-02 12:00:00,1242.0,2025-05-02
2025-05-02 01:57:00,2025-05-02 02:03:00,XAUUSD,Buy,2.18,3234.5,0.0,3229.42,3234.5,508.0,1097.63,00:00:06:00,3.35,477,298374.0,2025-05-02 01:55:00,99601.0,2025-05-02 01:45:00,24914.0,2025-05-02 01:00:00,6407.0,2025-05-02 00:00:00,1242.0,2025-05-02
2025-05-01 10:41:00,2025-05-01 10:43:00,XAUUSD,Buy,2.2,3220.92,0.0,3222.42,3220.92,-150.0,-339.9,00:00:02:00,-1.03,478,298191.0,2025-05-01 10:40:00,99540.0,2025-05-01 10:30:00,24899.0,2025-05-01 10:00:00,6403.0,2025-05-01 08:00:00,1241.0,2025-05-01
2025-04-30 15:35:00,2025-04-30 15:35:00,XAUUSD,Buy,2.2,3295.4,0.0,3295.23,3295.4,17.0,27.5,00:00:00:00,0.08,479,297962.0,2025-04-30 15:35:00,99464.0,2025-04-30 15:30:00,24880.0,2025-04-30 15:00:00,6398.0,2025-04-30 12:00:00,1240.0,2025-04-30
2025-04-30 11:00:00,2025-04-30 11:03:00,XAUUSD,Buy,2.23,3274.83,0.0,3276.33,3274.83,-150.0,-344.54,00:00:03:00,-1.03,480,297907.0,2025-04-30 11:00:00,99446.0,2025-04-30 11:00:00,24876.0,2025-04-30 11:00:00,6397.0,2025-04-30 08:00:00,1240.0,2025-04-30
2025-04-29 19:01:00,2025-04-29 19:03:00,XAUUSD,Buy,2.21,3315.0,0.0,3314.13,3315.0,87.0,182.32,00:00:02:00,0.55,481,297715.0,2025-04-29 19:00:00,99382.0,2025-04-29 19:00:00,24860.0,2025-04-29 19:00:00,6393.0,2025-04-29 16:00:00,1239.0,2025-04-29
2025-04-29 14:50:00,2025-04-29 14:50:00,XAUUSD,Buy,2.24,3300.73,0.0,3302.23,3300.73,-150.0,-346.08,00:00:00:00,-1.03,482,297665.0,2025-04-29 14:50:00,99365.0,2025-04-29 14:45:00,24855.0,2025-04-29 14:00:00,6392.0,2025-04-29 12:00:00,1239.0,2025-04-29
2025-04-29 05:56:00,2025-04-29 06:11:00,XAUUSD,Buy,2.21,3310.1,0.0,3308.53,3310.1,157.0,337.02,00:00:15:00,1.01,483,297558.0,2025-04-29 05:55:00,99329.0,2025-04-29 05:45:00,24846.0,2025-04-29 05:00:00,6390.0,2025-04-29 04:00:00,1239.0,2025-04-29
2025-04-28 03:04:00,2025-04-28 03:05:00,XAUUSD,Buy,2.18,3275.8,0.0,3273.53,3275.8,227.0,485.05,00:00:01:00,1.48,484,297235.0,2025-04-28 03:00:00,99222.0,2025-04-28 03:00:00,24820.0,2025-04-28 03:00:00,6383.0,2025-04-28 00:00:00,1238.0,2025-04-28
2025-04-25 14:03:00,2025-04-25 14:07:00,XAUUSD,Buy,2.07,3287.0,0.0,3279.13,3287.0,787.0,1619.77,00:00:04:00,5.21,485,297068.0,2025-04-25 14:00:00,99166.0,2025-04-25 14:00:00,24806.0,2025-04-25 14:00:00,6379.0,2025-04-25 12:00:00,1236.0,2025-04-25
2025-04-25 09:15:00,2025-04-25 09:17:00,XAUUSD,Buy,2.1,3295.83,0.0,3297.33,3295.83,-150.0,-324.45,00:00:02:00,-1.03,486,297011.0,2025-04-25 09:15:00,99147.0,2025-04-25 09:15:00,24801.0,2025-04-25 09:00:00,6378.0,2025-04-25 08:00:00,1236.0,2025-04-25
2025-04-25 06:44:00,2025-04-25 06:45:00,XAUUSD,Buy,2.12,3307.03,0.0,3308.53,3307.03,-150.0,-327.54,00:00:01:00,-1.03,487,296980.0,2025-04-25 06:40:00,99136.0,2025-04-25 06:30:00,24798.0,2025-04-25 06:00:00,6377.0,2025-04-25 04:00:00,1236.0,2025-04-25
2025-04-25 00:27:00,2025-04-25 00:30:00,XAUUSD,Buy,2.13,3352.8,0.0,3353.34,3352.8,-54.0,-124.61,00:00:03:00,-0.39,488,296905.0,2025-04-25 00:25:00,99111.0,2025-04-25 00:15:00,24792.0,2025-04-25 00:00:00,6376.0,2025-04-25 00:00:00,1236.0,2025-04-25
2025-04-24 14:02:00,2025-04-24 14:03:00,XAUUSD,Buy,2.15,3330.83,0.0,3332.33,3330.83,-150.0,-332.18,00:00:01:00,-1.03,489,296780.0,2025-04-24 14:00:00,99070.0,2025-04-24 14:00:00,24782.0,2025-04-24 14:00:00,6373.0,2025-04-24 12:00:00,1235.0,2025-04-24
2025-04-23 18:17:00,2025-04-23 18:20:00,XAUUSD,Buy,2.13,3287.0,0.0,3285.43,3287.0,157.0,324.82,00:00:03:00,1.02,490,296543.0,2025-04-23 18:15:00,98991.0,2025-04-23 18:15:00,24762.0,2025-04-23 18:00:00,6368.0,2025-04-23 16:00:00,1234.0,2025-04-23
2025-04-23 18:00:00,2025-04-23 18:02:00,XAUUSD,Buy,2.1,3298.2,0.0,3296.63,3298.2,157.0,320.25,00:00:02:00,1.01,491,296540.0,2025-04-23 18:00:00,98990.0,2025-04-23 18:00:00,24762.0,2025-04-23 18:00:00,6368.0,2025-04-23 16:00:00,1234.0,2025-04-23
2025-04-23 15:52:00,2025-04-23 15:54:00,XAUUSD,Buy,2.09,3288.4,0.0,3287.53,3288.4,87.0,172.42,00:00:02:00,0.55,492,296514.0,2025-04-23 15:50:00,98981.0,2025-04-23 15:45:00,24759.0,2025-04-23 15:00:00,6367.0,2025-04-23 12:00:00,1234.0,2025-04-23
2025-04-23 14:31:00,2025-04-23 14:31:00,XAUUSD,Buy,2.09,3298.2,0.0,3298.03,3298.2,17.0,26.12,00:00:00:00,0.08,493,296498.0,2025-04-23 14:30:00,98976.0,2025-04-23 14:30:00,24758.0,2025-04-23 14:00:00,6367.0,2025-04-23 12:00:00,1234.0,2025-04-23
2025-04-23 13:53:00,2025-04-23 13:55:00,XAUUSD,Buy,2.11,3314.73,0.0,3316.23,3314.73,-150.0,-326.0,00:00:02:00,-1.03,494,296490.0,2025-04-23 13:50:00,98973.0,2025-04-23 13:45:00,24757.0,2025-04-23 13:00:00,6367.0,2025-04-23 12:00:00,1234.0,2025-04-23
2025-04-23 13:35:00,2025-04-23 13:36:00,XAUUSD,Buy,2.1,3322.7,0.0,3321.83,3322.7,87.0,173.25,00:00:01:00,0.55,495,296487.0,2025-04-23 13:35:00,98972.0,2025-04-23 13:30:00,24757.0,2025-04-23 13:00:00,6367.0,2025-04-23 12:00:00,1234.0,2025-04-23
2025-04-23 06:41:00,2025-04-23 06:43:00,XAUUSD,Buy,2.04,3325.5,0.0,3321.13,3325.5,437.0,882.3,00:00:02:00,2.88,496,296404.0,2025-04-23 06:40:00,98944.0,2025-04-23 06:30:00,24750.0,2025-04-23 06:00:00,6365.0,2025-04-23 04:00:00,1234.0,2025-04-23
2025-04-23 06:30:00,2025-04-23 06:31:00,XAUUSD,Buy,2.0,3340.2,0.0,3337.23,3340.2,297.0,585.0,00:00:01:00,1.95,497,296402.0,2025-04-23 06:30:00,98944.0,2025-04-23 06:30:00,24750.0,2025-04-23 06:00:00,6365.0,2025-04-23 04:00:00,1234.0,2025-04-23
2025-04-23 02:04:00,2025-04-23 02:04:00,XAUUSD,Buy,2.02,3369.34,0.0,3370.84,3369.34,-150.0,-312.09,00:00:00:00,-1.03,498,296348.0,2025-04-23 02:00:00,98926.0,2025-04-23 02:00:00,24746.0,2025-04-23 02:00:00,6364.0,2025-04-23 00:00:00,1234.0,2025-04-23
2025-04-22 20:36:00,2025-04-22 20:39:00,XAUUSD,Buy,1.97,3373.1,0.0,3368.74,3373.1,436.0,850.05,00:00:03:00,2.88,499,296283.0,2025-04-22 20:35:00,98904.0,2025-04-22 20:30:00,24740.0,2025-04-22 20:00:00,6363.0,2025-04-22 20:00:00,1233.0,2025-04-22
2025-04-22 19:26:00,2025-04-22 19:27:00,XAUUSD,Buy,1.99,3387.54,0.0,3389.04,3387.54,-150.0,-307.46,00:00:01:00,-1.03,500,296269.0,2025-04-22 19:25:00,98899.0,2025-04-22 19:15:00,24739.0,2025-04-22 19:00:00,6362.0,2025-04-22 16:00:00,1233.0,2025-04-22
2025-04-22 14:32:00,2025-04-22 14:33:00,XAUUSD,Buy,1.98,3441.0,0.0,3440.14,3441.0,86.0,161.37,00:00:01:00,0.54,501,296210.0,2025-04-22 14:30:00,98880.0,2025-04-22 14:30:00,24734.0,2025-04-22 14:00:00,6361.0,2025-04-22 12:00:00,1233.0,2025-04-22
2025-04-22 08:48:00,2025-04-22 08:54:00,XAUUSD,Buy,1.97,3471.8,0.0,3470.95,3471.8,85.0,158.58,00:00:06:00,0.54,502,296141.0,2025-04-22 08:45:00,98857.0,2025-04-22 08:45:00,24728.0,2025-04-22 08:00:00,6360.0,2025-04-22 08:00:00,1233.0,2025-04-22
2025-04-22 01:04:00,2025-04-22 01:05:00,XAUUSD,Buy,1.91,3418.6,0.0,3414.24,3418.6,436.0,824.16,00:00:01:00,2.87,503,296048.0,2025-04-22 01:00:00,98826.0,2025-04-22 01:00:00,24721.0,2025-04-22 01:00:00,6358.0,2025-04-22 00:00:00,1233.0,2025-04-22
2025-04-21 08:54:00,2025-04-21 09:06:00,XAUUSD,Buy,1.89,3385.7,0.0,3384.14,3385.7,156.0,286.33,00:00:12:00,1.01,504,295854.0,2025-04-21 08:50:00,98761.0,2025-04-21 08:45:00,24704.0,2025-04-21 08:00:00,6354.0,2025-04-21 08:00:00,1232.0,2025-04-21
2025-04-21 05:17:00,2025-04-21 05:26:00,XAUUSD,Buy,1.87,3374.5,0.0,3372.24,3374.5,226.0,414.2,00:00:09:00,1.48,505,295811.0,2025-04-21 05:15:00,98747.0,2025-04-21 05:15:00,24701.0,2025-04-21 05:00:00,6353.0,2025-04-21 04:00:00,1232.0,2025-04-21
2025-04-17 08:18:00,2025-04-17 08:23:00,XAUUSD,Buy,1.81,3319.9,0.0,3315.53,3319.9,437.0,782.82,00:00:05:00,2.88,506,295547.0,2025-04-17 08:15:00,98659.0,2025-04-17 08:15:00,24679.0,2025-04-17 08:00:00,6347.0,2025-04-17 08:00:00,1230.0,2025-04-17
2025-04-17 02:50:00,2025-04-17 02:51:00,XAUUSD,Buy,1.81,3330.4,0.0,3330.23,3330.4,17.0,22.62,00:00:01:00,0.08,507,295482.0,2025-04-17 02:50:00,98637.0,2025-04-17 02:45:00,24673.0,2025-04-17 02:00:00,6345.0,2025-04-17 00:00:00,1230.0,2025-04-17
2025-04-16 09:32:00,2025-04-16 09:33:00,XAUUSD,Buy,1.78,3294.0,0.0,3291.03,3294.0,297.0,520.65,00:00:01:00,1.95,508,295274.0,2025-04-16 09:30:00,98568.0,2025-04-16 09:30:00,24656.0,2025-04-16 09:00:00,6341.0,2025-04-16 08:00:00,1229.0,2025-04-16
2025-04-16 02:33:00,2025-04-16 02:50:00,XAUUSD,Buy,1.67,3267.4,0.0,3258.13,3267.4,927.0,1540.57,00:00:17:00,6.13,509,295190.0,2025-04-16 02:30:00,98540.0,2025-04-16 02:30:00,24649.0,2025-04-16 02:00:00,6339.0,2025-04-16 00:00:00,1229.0,2025-04-16
2025-04-15 06:35:00,2025-04-15 06:38:00,XAUUSD,Buy,1.66,3225.4,0.0,3224.52,3225.4,88.0,138.61,00:00:03:00,0.56,510,294951.0,2025-04-15 06:35:00,98460.0,2025-04-15 06:30:00,24629.0,2025-04-15 06:00:00,6334.0,2025-04-15 04:00:00,1228.0,2025-04-15
2025-04-14 14:11:00,2025-04-14 14:12:00,XAUUSD,Buy,1.66,3200.2,0.0,3199.32,3200.2,88.0,138.61,00:00:01:00,0.56,511,294754.0,2025-04-14 14:10:00,98394.0,2025-04-14 14:00:00,24613.0,2025-04-14 14:00:00,6330.0,2025-04-14 12:00:00,1227.0,2025-04-14
2025-04-14 03:28:00,2025-04-14 03:31:00,XAUUSD,Buy,1.65,3234.5,0.0,3234.46,3234.5,4.0,-0.83,00:00:03:00,0.0,512,294625.0,2025-04-14 03:25:00,98351.0,2025-04-14 03:15:00,24602.0,2025-04-14 03:00:00,6327.0,2025-04-14 00:00:00,1227.0,2025-04-14
2025-04-14 03:28:00,2025-04-14 03:31:00,XAUUSD,Buy,1.63,3234.5,0.0,3233.62,3234.5,88.0,136.1,00:00:03:00,0.55,513,294625.0,2025-04-14 03:25:00,98351.0,2025-04-14 03:15:00,24602.0,2025-04-14 03:00:00,6327.0,2025-04-14 00:00:00,1227.0,2025-04-14
2025-04-11 17:57:00,2025-04-11 18:07:00,XAUUSD,Buy,1.56,3230.3,0.0,3221.72,3230.3,858.0,1331.46,00:00:10:00,5.7,514,294500.0,2025-04-11 17:55:00,98309.0,2025-04-11 17:45:00,24591.0,2025-04-11 17:00:00,6324.0,2025-04-11 16:00:00,1225.0,2025-04-11
2025-04-11 17:54:00,2025-04-11 17:55:00,XAUUSD,Buy,1.57,3221.1,0.0,3222.6,3221.1,-150.0,-242.57,00:00:01:00,-1.03,515,294499.0,2025-04-11 17:50:00,98309.0,2025-04-11 17:45:00,24591.0,2025-04-11 17:00:00,6324.0,2025-04-11 16:00:00,1225.0,2025-04-11
2025-04-11 15:26:00,2025-04-11 15:27:00,XAUUSD,Buy,1.57,3227.5,0.0,3227.32,3227.5,18.0,21.19,00:00:01:00,0.09,516,294470.0,2025-04-11 15:25:00,98299.0,2025-04-11 15:15:00,24589.0,2025-04-11 15:00:00,6323.0,2025-04-11 12:00:00,1225.0,2025-04-11
2025-04-11 08:19:00,2025-04-11 08:20:00,XAUUSD,Buy,1.59,3203.42,0.0,3204.92,3203.42,-150.0,-245.66,00:00:01:00,-1.03,517,294384.0,2025-04-11 08:15:00,98271.0,2025-04-11 08:15:00,24582.0,2025-04-11 08:00:00,6322.0,2025-04-11 08:00:00,1225.0,2025-04-11
2025-04-11 06:38:00,2025-04-11 06:39:00,XAUUSD,Buy,1.61,3207.62,0.0,3209.12,3207.62,-150.0,-248.75,00:00:01:00,-1.03,518,294364.0,2025-04-11 06:35:00,98264.0,2025-04-11 06:30:00,24580.0,2025-04-11 06:00:00,6321.0,2025-04-11 04:00:00,1225.0,2025-04-11
2025-04-11 03:00:00,2025-04-11 03:10:00,XAUUSD,Buy,1.54,3212.8,0.0,3206.32,3212.8,648.0,990.99,00:00:10:00,4.29,519,294321.0,2025-04-11 03:00:00,98250.0,2025-04-11 03:00:00,24577.0,2025-04-11 03:00:00,6320.0,2025-04-11 00:00:00,1225.0,2025-04-11
2025-04-10 18:09:00,2025-04-10 18:21:00,XAUUSD,Buy,1.46,3161.0,0.0,3152.42,3161.0,858.0,1246.11,00:00:12:00,5.7,520,294214.0,2025-04-10 18:05:00,98214.0,2025-04-10 18:00:00,24568.0,2025-04-10 18:00:00,6318.0,2025-04-10 16:00:00,1224.0,2025-04-10
2025-04-10 16:59:00,2025-04-10 17:00:00,XAUUSD,Buy,1.46,3156.8,0.0,3156.62,3156.8,18.0,19.71,00:00:01:00,0.09,521,294200.0,2025-04-10 16:55:00,98209.0,2025-04-10 16:45:00,24566.0,2025-04-10 16:00:00,6318.0,2025-04-10 16:00:00,1224.0,2025-04-10
2025-04-10 14:35:00,2025-04-10 14:37:00,XAUUSD,Buy,1.43,3123.9,0.0,3121.61,3123.9,229.0,321.03,00:00:02:00,1.49,522,294172.0,2025-04-10 14:35:00,98200.0,2025-04-10 14:30:00,24564.0,2025-04-10 14:00:00,6317.0,2025-04-10 12:00:00,1224.0,2025-04-10
2025-04-10 06:42:00,2025-04-10 06:43:00,XAUUSD,Buy,1.45,3115.91,0.0,3117.41,3115.91,-150.0,-224.03,00:00:01:00,-1.03,523,294077.0,2025-04-10 06:40:00,98168.0,2025-04-10 06:30:00,24556.0,2025-04-10 06:00:00,6315.0,2025-04-10 04:00:00,1224.0,2025-04-10
2025-04-09 19:08:00,2025-04-09 19:09:00,XAUUSD,Buy,1.44,3056.0,0.0,3055.11,3056.0,89.0,121.68,00:00:01:00,0.56,524,293938.0,2025-04-09 19:05:00,98122.0,2025-04-09 19:00:00,24545.0,2025-04-09 19:00:00,6312.0,2025-04-09 16:00:00,1223.0,2025-04-09
2025-04-09 09:34:00,2025-04-09 09:38:00,XAUUSD,Buy,1.41,3044.1,0.0,3041.1,3044.1,300.0,416.65,00:00:04:00,1.97,525,293823.0,2025-04-09 09:30:00,98084.0,2025-04-09 09:30:00,24535.0,2025-04-09 09:00:00,6310.0,2025-04-09 08:00:00,1223.0,2025-04-09
2025-04-09 00:27:00,2025-04-09 00:30:00,XAUUSD,Buy,1.43,2980.1,0.0,2981.6,2980.1,-150.0,-220.94,00:00:03:00,-1.03,526,293714.0,2025-04-09 00:25:00,98047.0,2025-04-09 00:15:00,24526.0,2025-04-09 00:00:00,6308.0,2025-04-09 00:00:00,1223.0,2025-04-09
2025-04-08 17:46:00,2025-04-08 17:47:00,XAUUSD,Buy,1.41,2988.1,0.0,2986.5,2988.1,160.0,219.25,00:00:01:00,1.03,527,293634.0,2025-04-08 17:45:00,98021.0,2025-04-08 17:45:00,24519.0,2025-04-08 17:00:00,6306.0,2025-04-08 16:00:00,1222.0,2025-04-08
2025-04-07 19:58:00,2025-04-07 20:08:00,XAUUSD,Buy,1.36,2970.6,0.0,2964.8,2970.6,580.0,782.68,00:00:10:00,3.83,528,293372.0,2025-04-07 19:55:00,97933.0,2025-04-07 19:45:00,24497.0,2025-04-07 19:00:00,6300.0,2025-04-07 16:00:00,1221.0,2025-04-07
2025-04-07 17:50:00,2025-04-07 17:53:00,XAUUSD,Buy,1.38,2971.7,0.0,2973.2,2971.7,-150.0,-213.21,00:00:03:00,-1.03,529,293347.0,2025-04-07 17:50:00,97925.0,2025-04-07 17:45:00,24495.0,2025-04-07 17:00:00,6300.0,2025-04-07 16:00:00,1221.0,2025-04-07
2025-04-07 15:29:00,2025-04-07 15:30:00,XAUUSD,Buy,1.35,3009.1,0.0,3006.8,3009.1,230.0,304.42,00:00:01:00,1.5,530,293318.0,2025-04-07 15:25:00,97915.0,2025-04-07 15:15:00,24493.0,2025-04-07 15:00:00,6299.0,2025-04-07 12:00:00,1221.0,2025-04-07
2025-04-07 14:37:00,2025-04-07 14:37:00,XAUUSD,Buy,1.33,3009.8,0.0,3006.8,3009.8,300.0,393.01,00:00:00:00,1.97,531,293308.0,2025-04-07 14:35:00,97912.0,2025-04-07 14:30:00,24492.0,2025-04-07 14:00:00,6299.0,2025-04-07 12:00:00,1221.0,2025-04-07
2025-04-07 13:01:00,2025-04-07 13:03:00,XAUUSD,Buy,1.33,3028.7,0.0,3028.5,3028.7,20.0,20.61,00:00:02:00,0.1,532,293289.0,2025-04-07 13:00:00,97906.0,2025-04-07 13:00:00,24491.0,2025-04-07 13:00:00,6299.0,2025-04-07 12:00:00,1221.0,2025-04-07
2025-04-07 07:02:00,2025-04-07 07:04:00,XAUUSD,Buy,1.32,3031.5,0.0,3030.6,3031.5,90.0,112.86,00:00:02:00,0.57,533,293217.0,2025-04-07 07:00:00,97882.0,2025-04-07 07:00:00,24485.0,2025-04-07 07:00:00,6297.0,2025-04-07 04:00:00,1221.0,2025-04-07
2025-04-07 02:06:00,2025-04-07 02:08:00,XAUUSD,Buy,1.2,2989.5,0.0,2973.9,2989.5,1560.0,1866.6,00:00:02:00,10.41,534,293158.0,2025-04-07 02:05:00,97862.0,2025-04-07 02:00:00,24480.0,2025-04-07 02:00:00,6296.0,2025-04-07 00:00:00,1221.0,2025-04-07
2025-04-07 00:53:00,2025-04-07 00:56:00,XAUUSD,Buy,1.16,2995.1,0.0,2990.7,2995.1,440.0,505.18,00:00:03:00,2.9,535,293143.0,2025-04-07 00:50:00,97857.0,2025-04-07 00:45:00,24478.0,2025-04-07 00:00:00,6296.0,2025-04-07 00:00:00,1221.0,2025-04-07
2025-04-04 16:37:00,2025-04-04 16:37:00,XAUUSD,Buy,1.15,3023.8,0.0,3022.9,3023.8,90.0,98.32,00:00:00:00,0.57,536,293033.0,2025-04-04 16:35:00,97820.0,2025-04-04 16:30:00,24469.0,2025-04-04 16:00:00,6293.0,2025-04-04 16:00:00,1219.0,2025-04-04
2025-04-04 14:56:00,2025-04-04 14:57:00,XAUUSD,Buy,1.17,3063.41,0.0,3064.91,3063.41,-150.0,-180.77,00:00:01:00,-1.03,537,293013.0,2025-04-04 14:55:00,97813.0,2025-04-04 14:45:00,24467.0,2025-04-04 14:00:00,6292.0,2025-04-04 12:00:00,1219.0,2025-04-04
2025-04-04 14:55:00,2025-04-04 14:55:00,XAUUSD,Buy,1.18,3064.27,0.0,3065.77,3064.27,-150.0,-182.31,00:00:00:00,-1.03,538,293013.0,2025-04-04 14:55:00,97813.0,2025-04-04 14:45:00,24467.0,2025-04-04 14:00:00,6292.0,2025-04-04 12:00:00,1219.0,2025-04-04
2025-04-04 14:36:00,2025-04-04 14:41:00,XAUUSD,Buy,1.06,3077.7,0.0,3061.41,3077.7,1629.0,1721.97,00:00:05:00,10.79,539,293009.0,2025-04-04 14:35:00,97812.0,2025-04-04 14:30:00,24467.0,2025-04-04 14:00:00,6292.0,2025-04-04 12:00:00,1219.0,2025-04-04
2025-04-04 13:26:00,2025-04-04 13:26:00,XAUUSD,Buy,1.08,3091.57,0.0,3093.07,3091.57,-150.0,-166.86,00:00:00:00,-1.03,540,292995.0,2025-04-04 13:25:00,97807.0,2025-04-04 13:15:00,24466.0,2025-04-04 13:00:00,6292.0,2025-04-04 12:00:00,1219.0,2025-04-04
2025-04-03 20:52:00,2025-04-03 21:46:00,XAUUSD,Buy,0.98,3117.6,0.0,3103.41,3117.6,1419.0,1386.21,00:00:54:00,9.4,541,292796.0,2025-04-03 20:50:00,97741.0,2025-04-03 20:45:00,24449.0,2025-04-03 20:00:00,6288.0,2025-04-03 20:00:00,1218.0,2025-04-03
2025-04-03 16:13:00,2025-04-03 16:13:00,XAUUSD,Buy,0.99,3115.21,0.0,3116.71,3115.21,-150.0,-152.96,00:00:00:00,-1.03,542,292740.0,2025-04-03 16:10:00,97722.0,2025-04-03 16:00:00,24445.0,2025-04-03 16:00:00,6287.0,2025-04-03 16:00:00,1218.0,2025-04-03
2025-04-03 14:08:00,2025-04-03 14:10:00,XAUUSD,Buy,0.99,3065.1,0.0,3064.21,3065.1,89.0,83.65,00:00:02:00,0.56,543,292715.0,2025-04-03 14:05:00,97714.0,2025-04-03 14:00:00,24443.0,2025-04-03 14:00:00,6286.0,2025-04-03 12:00:00,1218.0,2025-04-03
2025-04-03 11:28:00,2025-04-03 11:30:00,XAUUSD,Buy,0.98,3106.4,0.0,3105.51,3106.4,89.0,82.81,00:00:02:00,0.56,544,292683.0,2025-04-03 11:25:00,97703.0,2025-04-03 11:15:00,24440.0,2025-04-03 11:00:00,6285.0,2025-04-03 08:00:00,1218.0,2025-04-03
2025-04-02 14:52:00,2025-04-02 14:53:00,XAUUSD,Buy,0.99,3117.31,0.0,3118.81,3117.31,-150.0,-152.96,00:00:01:00,-1.03,545,292436.0,2025-04-02 14:50:00,97621.0,2025-04-02 14:45:00,24419.0,2025-04-02 14:00:00,6280.0,2025-04-02 12:00:00,1217.0,2025-04-02
2025-04-02 06:00:00,2025-04-02 06:06:00,XAUUSD,Buy,1.0,3115.21,0.0,3116.71,3115.21,-150.0,-154.5,00:00:06:00,-1.03,546,292330.0,2025-04-02 06:00:00,97586.0,2025-04-02 06:00:00,24411.0,2025-04-02 06:00:00,6278.0,2025-04-02 04:00:00,1217.0,2025-04-02
2025-04-01 06:56:00,2025-04-01 06:56:00,XAUUSD,Buy,1.0,3133.7,0.0,3132.81,3133.7,89.0,84.5,00:00:00:00,0.57,547,292053.0,2025-04-01 06:55:00,97493.0,2025-04-01 06:45:00,24387.0,2025-04-01 06:00:00,6272.0,2025-04-01 04:00:00,1216.0,2025-04-01
2025-03-31 16:43:00,2025-03-31 16:52:00,XAUUSD,Buy,1.01,3114.51,0.0,3116.01,3114.51,-150.0,-156.05,00:00:09:00,-1.03,548,291882.0,2025-03-31 16:40:00,97436.0,2025-03-31 16:30:00,24373.0,2025-03-31 16:00:00,6269.0,2025-03-31 16:00:00,1215.0,2025-03-31
2025-03-31 14:36:00,2025-03-31 14:38:00,XAUUSD,Buy,1.02,3109.61,0.0,3111.11,3109.61,-150.0,-157.59,00:00:02:00,-1.03,549,291857.0,2025-03-31 14:35:00,97428.0,2025-03-31 14:30:00,24371.0,2025-03-31 14:00:00,6268.0,2025-03-31 12:00:00,1215.0,2025-03-31
2025-03-31 02:00:00,2025-03-31 02:08:00,XAUUSD,Buy,0.99,3081.9,0.0,3078.21,3081.9,369.0,360.85,00:00:08:00,2.42,550,291706.0,2025-03-31 02:00:00,97378.0,2025-03-31 02:00:00,24359.0,2025-03-31 02:00:00,6265.0,2025-03-31 00:00:00,1215.0,2025-03-31
2025-03-28 08:29:00,2025-03-28 09:03:00,XAUUSD,Buy,0.97,3072.1,0.0,3067.71,3072.1,439.0,421.46,00:00:34:00,2.91,551,291484.0,2025-03-28 08:25:00,97303.0,2025-03-28 08:15:00,24340.0,2025-03-28 08:00:00,6260.0,2025-03-28 08:00:00,1213.0,2025-03-28
2025-03-27 16:02:00,2025-03-27 16:10:00,XAUUSD,Buy,0.96,3051.8,0.0,3050.91,3051.8,89.0,81.12,00:00:08:00,0.56,552,291287.0,2025-03-27 16:00:00,97238.0,2025-03-27 16:00:00,24324.0,2025-03-27 16:00:00,6256.0,2025-03-27 16:00:00,1212.0,2025-03-27
2025-03-26 05:15:00,2025-03-26 07:18:00,XAUUSD,Buy,0.9,3025.9,0.0,3015.2,3025.9,1070.0,958.95,00:02:03:00,7.13,553,290870.0,2025-03-26 05:15:00,97099.0,2025-03-26 05:15:00,24289.0,2025-03-26 05:00:00,6247.0,2025-03-26 04:00:00,1211.0,2025-03-26
2025-03-21 13:40:00,2025-03-21 13:41:00,XAUUSD,Buy,0.89,3017.5,0.0,3015.9,3017.5,160.0,138.39,00:00:01:00,1.04,554,290096.0,2025-03-21 13:40:00,96840.0,2025-03-21 13:30:00,24224.0,2025-03-21 13:00:00,6230.0,2025-03-21 12:00:00,1207.0,2025-03-21
2025-03-21 13:36:00,2025-03-21 13:37:00,XAUUSD,Buy,0.9,3022.1,0.0,3023.6,3022.1,-150.0,-139.05,00:00:01:00,-1.03,555,290095.0,2025-03-21 13:35:00,96840.0,2025-03-21 13:30:00,24224.0,2025-03-21 13:00:00,6230.0,2025-03-21 12:00:00,1207.0,2025-03-21
2025-03-20 13:15:00,2025-03-20 13:22:00,XAUUSD,Buy,0.91,3031.2,0.0,3032.7,3031.2,-150.0,-140.6,00:00:07:00,-1.03,556,289803.0,2025-03-20 13:15:00,96743.0,2025-03-20 13:15:00,24200.0,2025-03-20 13:00:00,6224.0,2025-03-20 12:00:00,1206.0,2025-03-20
2025-03-20 05:44:00,2025-03-20 05:52:00,XAUUSD,Buy,0.92,3045.2,0.0,3046.7,3045.2,-150.0,-142.14,00:00:08:00,-1.04,557,289712.0,2025-03-20 05:40:00,96712.0,2025-03-20 05:30:00,24192.0,2025-03-20 05:00:00,6222.0,2025-03-20 04:00:00,1206.0,2025-03-20
2025-03-07 15:42:00,2025-03-07 15:44:00,XAUUSD,Buy,0.92,2912.19,0.0,2913.69,2912.19,-150.0,-142.14,00:00:02:00,-1.02,558,287206.0,2025-03-07 15:40:00,95876.0,2025-03-07 15:30:00,23983.0,2025-03-07 15:00:00,6168.0,2025-03-07 12:00:00,1195.0,2025-03-07
2025-03-07 00:11:00,2025-03-07 00:13:00,XAUUSD,Buy,0.91,2899.9,0.0,2896.89,2899.9,301.0,269.81,00:00:02:00,1.98,559,287020.0,2025-03-07 00:10:00,95814.0,2025-03-07 00:00:00,23968.0,2025-03-07 00:00:00,6165.0,2025-03-07 00:00:00,1195.0,2025-03-07
2025-03-06 15:26:00,2025-03-06 15:31:00,XAUUSD,Buy,0.9,2911.8,0.0,2910.89,2911.8,91.0,77.85,00:00:05:00,0.58,560,286915.0,2025-03-06 15:25:00,95779.0,2025-03-06 15:15:00,23959.0,2025-03-06 15:00:00,6162.0,2025-03-06 12:00:00,1194.0,2025-03-06
2025-03-04 14:25:00,2025-03-04 14:31:00,XAUUSD,Buy,0.89,2917.4,0.0,2915.09,2917.4,231.0,201.58,00:00:06:00,1.51,561,286327.0,2025-03-04 14:25:00,95583.0,2025-03-04 14:15:00,23910.0,2025-03-04 14:00:00,6150.0,2025-03-04 12:00:00,1192.0,2025-03-04
2025-02-25 15:22:00,2025-02-25 15:23:00,XAUUSD,Buy,0.9,2916.39,0.0,2917.89,2916.39,-150.0,-139.05,00:00:01:00,-1.03,562,284887.0,2025-02-25 15:20:00,95103.0,2025-02-25 15:15:00,23790.0,2025-02-25 15:00:00,6119.0,2025-02-25 12:00:00,1186.0,2025-02-25
2025-02-25 03:54:00,2025-02-25 03:57:00,XAUUSD,Buy,0.91,2938.13,0.0,2939.63,2938.13,-150.0,-140.6,00:00:03:00,-1.03,563,284749.0,2025-02-25 03:50:00,95057.0,2025-02-25 03:45:00,23778.0,2025-02-25 03:00:00,6116.0,2025-02-25 00:00:00,1186.0,2025-02-25
2025-02-24 01:20:00,2025-02-24 01:24:00,XAUUSD,Buy,0.93,2921.99,0.0,2923.49,2921.99,-150.0,-143.69,00:00:04:00,-1.03,564,284431.0,2025-02-24 01:20:00,94951.0,2025-02-24 01:15:00,23752.0,2025-02-24 01:00:00,6110.0,2025-02-24 00:00:00,1185.0,2025-02-24
2025-02-24 01:20:00,2025-02-24 01:24:00,XAUUSD,Buy,0.93,2921.99,0.0,2923.49,2921.99,-150.0,-143.69,00:00:04:00,-1.05,565,284431.0,2025-02-24 01:20:00,94951.0,2025-02-24 01:15:00,23752.0,2025-02-24 01:00:00,6110.0,2025-02-24 00:00:00,1185.0,2025-02-24
2025-02-20 13:51:00,2025-02-20 13:56:00,XAUUSD,Buy,0.92,2937.0,0.0,2935.39,2937.0,161.0,143.98,00:00:05:00,1.05,566,283994.0,2025-02-20 13:50:00,94805.0,2025-02-20 13:45:00,23715.0,2025-02-20 13:00:00,6100.0,2025-02-20 12:00:00,1182.0,2025-02-20
2025-02-17 06:04:00,2025-02-17 06:07:00,XAUUSD,Buy,0.93,2891.89,0.0,2893.39,2891.89,-150.0,-143.69,00:00:03:00,-1.03,567,283054.0,2025-02-17 06:00:00,94492.0,2025-02-17 06:00:00,23637.0,2025-02-17 06:00:00,6080.0,2025-02-17 04:00:00,1179.0,2025-02-17
2025-02-11 20:33:00,2025-02-11 21:56:00,XAUUSD,Buy,0.91,2897.8,0.0,2894.79,2897.8,301.0,269.81,00:01:23:00,1.98,568,282065.0,2025-02-11 20:30:00,94162.0,2025-02-11 20:30:00,23554.0,2025-02-11 20:00:00,6059.0,2025-02-11 20:00:00,1174.0,2025-02-11
2025-02-07 16:44:00,2025-02-07 16:45:00,XAUUSD,Buy,0.92,2861.09,0.0,2862.59,2861.09,-150.0,-142.14,00:00:01:00,-1.03,569,281432.0,2025-02-07 16:40:00,93950.0,2025-02-07 16:30:00,23501.0,2025-02-07 16:00:00,6045.0,2025-02-07 16:00:00,1171.0,2025-02-07
2025-02-06 13:13:00,2025-02-06 13:21:00,XAUUSD,Buy,0.9,2862.8,0.0,2860.49,2862.8,231.0,203.85,00:00:08:00,1.5,570,281102.0,2025-02-06 13:10:00,93840.0,2025-02-06 13:00:00,23474.0,2025-02-06 13:00:00,6038.0,2025-02-06 12:00:00,1170.0,2025-02-06
2025-01-27 02:23:00,2025-01-27 02:35:00,XAUUSD,Buy,0.91,2756.4,0.0,2756.18,2756.4,22.0,15.92,00:00:12:00,0.12,571,278657.0,2025-01-27 02:20:00,93025.0,2025-01-27 02:15:00,23270.0,2025-01-27 02:00:00,5986.0,2025-01-27 00:00:00,1161.0,2025-01-27
2025-01-27 02:15:00,2025-01-27 02:17:00,XAUUSD,Buy,0.91,2757.48,0.0,2758.98,2757.48,-150.0,-140.6,00:00:02:00,-1.03,572,278656.0,2025-01-27 02:15:00,93025.0,2025-01-27 02:15:00,23270.0,2025-01-27 02:00:00,5986.0,2025-01-27 00:00:00,1161.0,2025-01-27
2025-01-24 16:02:00,2025-01-24 16:13:00,XAUUSD,Buy,0.92,2774.6,0.0,2775.08,2774.6,-48.0,-48.3,00:00:11:00,-0.35,573,278522.0,2025-01-24 16:00:00,92980.0,2025-01-24 16:00:00,23259.0,2025-01-24 16:00:00,5983.0,2025-01-24 16:00:00,1159.0,2025-01-24
2025-01-19 23:28:00,2025-01-19 23:41:00,XAUUSD,Buy,0.89,2696.2,0.0,2692.47,2696.2,373.0,327.96,00:00:13:00,2.45,574,277189.0,2025-01-19 23:25:00,92535.0,2025-01-19 23:15:00,23147.0,2025-01-19 23:00:00,5954.0,2025-01-19 20:00:00,1154.0,2025-01-19
2025-01-16 19:14:00,2025-01-16 21:04:00,XAUUSD,Buy,0.9,2714.07,0.0,2715.57,2714.07,-150.0,-139.05,00:01:50:00,-1.03,575,276839.0,2025-01-16 19:10:00,92418.0,2025-01-16 19:00:00,23118.0,2025-01-16 19:00:00,5946.0,2025-01-16 16:00:00,1152.0,2025-01-16
2025-01-13 01:14:00,2025-01-13 01:20:00,XAUUSD,Buy,0.91,2681.5,0.0,2681.97,2681.5,-47.0,-46.87,00:00:06:00,-0.34,576,275759.0,2025-01-13 01:10:00,92058.0,2025-01-13 01:00:00,23028.0,2025-01-13 01:00:00,5924.0,2025-01-13 00:00:00,1149.0,2025-01-13
2025-01-10 18:35:00,2025-01-10 18:52:00,XAUUSD,Buy,0.92,2685.37,0.0,2686.87,2685.37,-150.0,-142.14,00:00:17:00,-1.04,577,275669.0,2025-01-10 18:35:00,92028.0,2025-01-10 18:30:00,23020.0,2025-01-10 18:00:00,5921.0,2025-01-10 16:00:00,1147.0,2025-01-10
2025-01-08 17:40:00,2025-01-08 17:42:00,XAUUSD,Buy,0.91,2653.5,0.0,2651.87,2653.5,163.0,144.23,00:00:02:00,1.06,578,275082.0,2025-01-08 17:40:00,91832.0,2025-01-08 17:30:00,22971.0,2025-01-08 17:00:00,5909.0,2025-01-08 16:00:00,1145.0,2025-01-08
2025-01-06 13:39:00,2025-01-06 13:40:00,XAUUSD,Buy,0.9,2629.0,0.0,2628.76,2629.0,24.0,17.55,00:00:01:00,0.13,579,274457.0,2025-01-06 13:35:00,91624.0,2025-01-06 13:30:00,22919.0,2025-01-06 13:00:00,5896.0,2025-01-06 12:00:00,1143.0,2025-01-06
2024-12-27 08:19:00,2024-12-27 08:45:00,XAUUSD,Buy,0.91,2627.26,0.0,2628.76,2627.26,-150.0,-140.6,00:00:26:00,-1.03,580,272919.0,2024-12-27 08:15:00,91111.0,2024-12-27 08:15:00,22791.0,2024-12-27 08:00:00,5862.0,2024-12-27 08:00:00,1135.0,2024-12-27
2024-12-23 11:10:00,2024-12-23 11:20:00,XAUUSD,Buy,0.93,2617.46,0.0,2618.96,2617.46,-150.0,-143.69,00:00:10:00,-1.04,581,272117.0,2024-12-23 11:10:00,90843.0,2024-12-23 11:00:00,22724.0,2024-12-23 11:00:00,5843.0,2024-12-23 08:00:00,1131.0,2024-12-23
2024-12-23 10:54:00,2024-12-23 11:01:00,XAUUSD,Buy,0.93,2619.0,0.0,2620.5,2619.0,-150.0,-143.69,00:00:07:00,-1.03,582,272113.0,2024-12-23 10:50:00,90842.0,2024-12-23 10:45:00,22723.0,2024-12-23 10:00:00,5843.0,2024-12-23 08:00:00,1131.0,2024-12-23
2024-12-17 13:55:00,2024-12-17 14:00:00,XAUUSD,Buy,0.92,2636.7,0.0,2635.06,2636.7,164.0,146.74,00:00:05:00,1.06,583,270987.0,2024-12-17 13:55:00,90466.0,2024-12-17 13:45:00,22629.0,2024-12-17 13:00:00,5819.0,2024-12-17 12:00:00,1126.0,2024-12-17
2024-12-17 08:30:00,2024-12-17 08:36:00,XAUUSD,Buy,0.93,2646.16,0.0,2647.66,2646.16,-150.0,-143.69,00:00:06:00,-1.03,584,270922.0,2024-12-17 08:30:00,90445.0,2024-12-17 08:30:00,22624.0,2024-12-17 08:00:00,5818.0,2024-12-17 08:00:00,1126.0,2024-12-17
2024-12-13 09:00:00,2024-12-13 09:02:00,XAUUSD,Buy,0.94,2674.5,0.0,2674.97,2674.5,-47.0,-48.41,00:00:02:00,-0.34,585,270341.0,2024-12-13 09:00:00,90251.0,2024-12-13 09:00:00,22576.0,2024-12-13 09:00:00,5805.0,2024-12-13 08:00:00,1123.0,2024-12-13
2024-12-13 07:37:00,2024-12-13 07:44:00,XAUUSD,Buy,0.93,2682.9,0.0,2681.97,2682.9,93.0,82.3,00:00:07:00,0.59,586,270324.0,2024-12-13 07:35:00,90245.0,2024-12-13 07:30:00,22574.0,2024-12-13 07:00:00,5804.0,2024-12-13 04:00:00,1123.0,2024-12-13
2024-12-11 04:39:00,2024-12-11 04:40:00,XAUUSD,Buy,0.94,2684.67,0.0,2686.17,2684.67,-150.0,-145.23,00:00:01:00,-1.03,587,269712.0,2024-12-11 04:35:00,90041.0,2024-12-11 04:30:00,22523.0,2024-12-11 04:00:00,5792.0,2024-12-11 04:00:00,1121.0,2024-12-11
2024-12-09 00:37:00,2024-12-09 00:39:00,XAUUSD,Buy,0.95,2627.96,0.0,2629.46,2627.96,-150.0,-146.78,00:00:02:00,-1.03,588,269088.0,2024-12-09 00:35:00,89833.0,2024-12-09 00:30:00,22471.0,2024-12-09 00:00:00,5779.0,2024-12-09 00:00:00,1119.0,2024-12-09
2024-12-06 01:11:00,2024-12-06 01:12:00,XAUUSD,Buy,0.95,2614.3,0.0,2614.06,2614.3,24.0,18.52,00:00:01:00,0.13,589,268796.0,2024-12-06 01:10:00,89735.0,2024-12-06 01:00:00,22447.0,2024-12-06 01:00:00,5772.0,2024-12-06 00:00:00,1117.0,2024-12-06
2024-12-04 08:10:00,2024-12-04 08:21:00,XAUUSD,Buy,0.96,2639.16,0.0,2640.66,2639.16,-150.0,-148.32,00:00:11:00,-1.03,590,268304.0,2024-12-04 08:10:00,89571.0,2024-12-04 08:00:00,22406.0,2024-12-04 08:00:00,5762.0,2024-12-04 08:00:00,1115.0,2024-12-04
2024-12-03 15:05:00,2024-12-03 15:08:00,XAUUSD,Buy,0.97,2639.16,0.0,2640.66,2639.16,-150.0,-149.87,00:00:03:00,-1.03,591,268099.0,2024-12-03 15:05:00,89503.0,2024-12-03 15:00:00,22389.0,2024-12-03 15:00:00,5757.0,2024-12-03 12:00:00,1114.0,2024-12-03
2024-12-02 01:23:00,2024-12-02 01:48:00,XAUUSD,Buy,0.89,2638.1,0.0,2624.56,2638.1,1354.0,1201.05,00:00:25:00,9.01,592,267646.0,2024-12-02 01:20:00,89352.0,2024-12-02 01:15:00,22351.0,2024-12-02 01:00:00,5748.0,2024-12-02 00:00:00,1113.0,2024-12-02
2024-11-25 17:29:00,2024-11-25 18:00:00,XAUUSD,Buy,0.88,2627.6,0.0,2625.26,2627.6,234.0,201.96,00:00:31:00,1.54,593,266432.0,2024-11-25 17:25:00,88947.0,2024-11-25 17:15:00,22249.0,2024-11-25 17:00:00,5721.0,2024-11-25 16:00:00,1107.0,2024-11-25
2024-11-25 01:04:00,2024-11-25 01:05:00,XAUUSD,Buy,0.88,2702.87,0.0,2704.37,2702.87,-150.0,-135.96,00:00:01:00,-1.02,594,266235.0,2024-11-25 01:00:00,88882.0,2024-11-25 01:00:00,22233.0,2024-11-25 01:00:00,5717.0,2024-11-25 00:00:00,1107.0,2024-11-25
2024-11-21 12:17:00,2024-11-21 12:31:00,XAUUSD,Buy,0.88,2665.4,0.0,2664.47,2665.4,93.0,77.88,00:00:14:00,0.59,595,265783.0,2024-11-21 12:15:00,88731.0,2024-11-21 12:15:00,22195.0,2024-11-21 12:00:00,5707.0,2024-11-21 12:00:00,1104.0,2024-11-21
2024-11-15 16:42:00,2024-11-15 16:51:00,XAUUSD,Buy,0.87,2564.6,0.0,2562.96,2564.6,164.0,138.76,00:00:09:00,1.06,596,264673.0,2024-11-15 16:40:00,88360.0,2024-11-15 16:30:00,22102.0,2024-11-15 16:00:00,5683.0,2024-11-15 16:00:00,1099.0,2024-11-15
2024-11-15 06:22:00,2024-11-15 06:55:00,XAUUSD,Buy,0.84,2561.8,0.0,2556.66,2561.8,514.0,427.98,00:00:33:00,3.39,597,264549.0,2024-11-15 06:20:00,88319.0,2024-11-15 06:15:00,22092.0,2024-11-15 06:00:00,5680.0,2024-11-15 04:00:00,1099.0,2024-11-15
2024-11-14 20:12:00,2024-11-14 20:20:00,XAUUSD,Buy,0.82,2569.5,0.0,2565.76,2569.5,374.0,302.99,00:00:08:00,2.46,598,264427.0,2024-11-14 20:10:00,88278.0,2024-11-14 20:00:00,22082.0,2024-11-14 20:00:00,5678.0,2024-11-14 20:00:00,1098.0,2024-11-14
2024-11-14 09:33:00,2024-11-14 09:35:00,XAUUSD,Buy,0.83,2545.35,0.0,2546.85,2545.35,-150.0,-128.24,00:00:02:00,-1.03,599,264299.0,2024-11-14 09:30:00,88236.0,2024-11-14 09:30:00,22071.0,2024-11-14 09:00:00,5675.0,2024-11-14 08:00:00,1098.0,2024-11-14
2024-11-14 05:43:00,2024-11-14 06:06:00,XAUUSD,Buy,0.82,2558.3,0.0,2555.96,2558.3,234.0,188.19,00:00:23:00,1.54,600,264253.0,2024-11-14 05:40:00,88220.0,2024-11-14 05:30:00,22067.0,2024-11-14 05:00:00,5674.0,2024-11-14 04:00:00,1098.0,2024-11-14
2024-11-13 16:35:00,2024-11-13 16:37:00,XAUUSD,Buy,0.82,2589.8,0.0,2589.56,2589.8,24.0,15.99,00:00:02:00,0.13,601,264096.0,2024-11-13 16:35:00,88168.0,2024-11-13 16:30:00,22054.0,2024-11-13 16:00:00,5671.0,2024-11-13 16:00:00,1097.0,2024-11-13
2024-11-12 15:07:00,2024-11-12 15:20:00,XAUUSD,Buy,0.79,2610.1,0.0,2605.66,2610.1,444.0,347.2,00:00:13:00,2.92,602,263790.0,2024-11-12 15:05:00,88066.0,2024-11-12 15:00:00,22029.0,2024-11-12 15:00:00,5664.0,2024-11-12 12:00:00,1096.0,2024-11-12
2024-11-11 13:42:00,2024-11-11 13:44:00,XAUUSD,Buy,0.8,2637.06,0.0,2638.56,2637.06,-150.0,-123.6,00:00:02:00,-1.03,603,263485.0,2024-11-11 13:40:00,87964.0,2024-11-11 13:30:00,22003.0,2024-11-11 13:00:00,5658.0,2024-11-11 12:00:00,1095.0,2024-11-11
2024-11-11 13:36:00,2024-11-11 13:38:00,XAUUSD,Buy,0.81,2639.86,0.0,2641.36,2639.86,-150.0,-125.15,00:00:02:00,-1.03,604,263484.0,2024-11-11 13:35:00,87964.0,2024-11-11 13:30:00,22003.0,2024-11-11 13:00:00,5658.0,2024-11-11 12:00:00,1095.0,2024-11-11
2024-11-06 14:36:00,2024-11-06 14:39:00,XAUUSD,Buy,0.8,2657.7,0.0,2654.67,2657.7,303.0,238.8,00:00:03:00,2.01,605,262621.0,2024-11-06 14:35:00,87676.0,2024-11-06 14:30:00,21931.0,2024-11-06 14:00:00,5639.0,2024-11-06 12:00:00,1091.0,2024-11-06
2024-11-06 14:32:00,2024-11-06 14:33:00,XAUUSD,Buy,0.8,2655.51,0.0,2657.01,2655.51,-150.0,-123.6,00:00:01:00,-1.03,606,262620.0,2024-11-06 14:30:00,87676.0,2024-11-06 14:30:00,21931.0,2024-11-06 14:00:00,5639.0,2024-11-06 12:00:00,1091.0,2024-11-06
2024-11-06 13:34:00,2024-11-06 13:36:00,XAUUSD,Buy,0.8,2666.8,0.0,2665.87,2666.8,93.0,70.8,00:00:02:00,0.59,607,262608.0,2024-11-06 13:30:00,87672.0,2024-11-06 13:30:00,21930.0,2024-11-06 13:00:00,5639.0,2024-11-06 12:00:00,1091.0,2024-11-06
2024-11-06 13:17:00,2024-11-06 13:19:00,XAUUSD,Buy,0.8,2680.1,0.0,2679.87,2680.1,23.0,14.8,00:00:02:00,0.12,608,262605.0,2024-11-06 13:15:00,87671.0,2024-11-06 13:15:00,21930.0,2024-11-06 13:00:00,5639.0,2024-11-06 12:00:00,1091.0,2024-11-06
2024-11-05 15:13:00,2024-11-05 15:16:00,XAUUSD,Buy,0.8,2735.77,0.0,2737.27,2735.77,-150.0,-123.6,00:00:03:00,-1.02,609,262340.0,2024-11-05 15:10:00,87582.0,2024-11-05 15:00:00,21908.0,2024-11-05 15:00:00,5633.0,2024-11-05 12:00:00,1090.0,2024-11-05
2024-10-29 15:32:00,2024-10-29 15:41:00,XAUUSD,Buy,0.79,2764.8,0.0,2761.78,2764.8,302.0,235.02,00:00:09:00,1.99,610,260905.0,2024-10-29 15:30:00,87104.0,2024-10-29 15:30:00,21788.0,2024-10-29 15:00:00,5602.0,2024-10-29 12:00:00,1084.0,2024-10-29
2024-10-28 09:05:00,2024-10-28 09:23:00,XAUUSD,Buy,0.79,2731.2,0.0,2731.67,2731.2,-47.0,-40.69,00:00:18:00,-0.34,611,260540.0,2024-10-28 09:05:00,86982.0,2024-10-28 09:00:00,21758.0,2024-10-28 09:00:00,5595.0,2024-10-28 08:00:00,1083.0,2024-10-28
2024-10-25 09:33:00,2024-10-25 09:36:00,XAUUSD,Buy,0.8,2719.67,0.0,2721.17,2719.67,-150.0,-123.6,00:00:03:00,-1.03,612,260246.0,2024-10-25 09:30:00,86884.0,2024-10-25 09:30:00,21733.0,2024-10-25 09:00:00,5588.0,2024-10-25 08:00:00,1081.0,2024-10-25
2024-10-24 15:31:00,2024-10-24 15:33:00,XAUUSD,Buy,0.81,2725.29,0.0,2726.79,2725.29,-150.0,-125.15,00:00:02:00,-1.03,613,260030.0,2024-10-24 15:30:00,86812.0,2024-10-24 15:30:00,21715.0,2024-10-24 15:00:00,5583.0,2024-10-24 12:00:00,1080.0,2024-10-24
2024-10-23 15:14:00,2024-10-23 15:17:00,XAUUSD,Buy,0.8,2728.4,0.0,2726.77,2728.4,163.0,126.8,00:00:03:00,1.06,614,259738.0,2024-10-23 15:10:00,86714.0,2024-10-23 15:00:00,21691.0,2024-10-23 15:00:00,5577.0,2024-10-23 12:00:00,1079.0,2024-10-23
2024-10-23 02:47:00,2024-10-23 06:25:00,XAUUSD,Buy,0.74,2750.1,0.0,2738.67,2750.1,1143.0,842.49,00:03:38:00,7.56,615,259589.0,2024-10-23 02:45:00,86665.0,2024-10-23 02:45:00,21678.0,2024-10-23 02:00:00,5574.0,2024-10-23 00:00:00,1079.0,2024-10-23
2024-10-21 20:12:00,2024-10-21 20:36:00,XAUUSD,Buy,0.72,2720.7,0.0,2715.57,2720.7,513.0,366.12,00:00:24:00,3.39,616,259222.0,2024-10-21 20:10:00,86542.0,2024-10-21 20:00:00,21648.0,2024-10-21 20:00:00,5567.0,2024-10-21 20:00:00,1077.0,2024-10-21
2024-10-16 14:59:00,2024-10-16 15:04:00,XAUUSD,Buy,0.71,2676.6,0.0,2674.27,2676.6,233.0,162.23,00:00:05:00,1.53,617,258284.0,2024-10-16 14:55:00,86229.0,2024-10-16 14:45:00,21569.0,2024-10-16 14:00:00,5546.0,2024-10-16 12:00:00,1073.0,2024-10-16
2024-10-08 03:36:00,2024-10-08 03:38:00,XAUUSD,Buy,0.72,2634.96,0.0,2636.46,2634.96,-150.0,-111.24,00:00:02:00,-1.04,618,256409.0,2024-10-08 03:35:00,85604.0,2024-10-08 03:30:00,21413.0,2024-10-08 03:00:00,5506.0,2024-10-08 00:00:00,1066.0,2024-10-08
2024-10-04 16:31:00,2024-10-04 16:31:00,XAUUSD,Buy,0.72,2655.51,0.0,2657.01,2655.51,-150.0,-111.24,00:00:00:00,-1.03,619,255977.0,2024-10-04 16:30:00,85460.0,2024-10-04 16:30:00,21377.0,2024-10-04 16:00:00,5497.0,2024-10-04 16:00:00,1063.0,2024-10-04
2024-10-02 16:08:00,2024-10-02 16:08:00,XAUUSD,Buy,0.73,2642.66,0.0,2644.16,2642.66,-150.0,-112.79,00:00:00:00,-1.03,620,255396.0,2024-10-02 16:05:00,85266.0,2024-10-02 16:00:00,21329.0,2024-10-02 16:00:00,5485.0,2024-10-02 16:00:00,1061.0,2024-10-02
2024-09-30 14:46:00,2024-09-30 14:47:00,XAUUSD,Buy,0.73,2633.2,0.0,2632.26,2633.2,94.0,65.33,00:00:01:00,0.6,621,254804.0,2024-09-30 14:45:00,85069.0,2024-09-30 14:45:00,21279.0,2024-09-30 14:00:00,5472.0,2024-09-30 12:00:00,1059.0,2024-09-30
2024-09-30 11:42:00,2024-09-30 11:48:00,XAUUSD,Buy,0.73,2638.8,0.0,2639.26,2638.8,-46.0,-36.87,00:00:06:00,-0.34,622,254767.0,2024-09-30 11:40:00,85056.0,2024-09-30 11:30:00,21276.0,2024-09-30 11:00:00,5471.0,2024-09-30 08:00:00,1059.0,2024-09-30
2024-09-30 08:55:00,2024-09-30 09:35:00,XAUUSD,Buy,0.71,2654.9,0.0,2651.17,2654.9,373.0,261.63,00:00:40:00,2.44,623,254734.0,2024-09-30 08:55:00,85045.0,2024-09-30 08:45:00,21273.0,2024-09-30 08:00:00,5471.0,2024-09-30 08:00:00,1059.0,2024-09-30
2024-09-27 18:44:00,2024-09-27 18:56:00,XAUUSD,Buy,0.71,2645.1,0.0,2644.86,2645.1,24.0,13.84,00:00:12:00,0.13,624,254552.0,2024-09-27 18:40:00,84984.0,2024-09-27 18:30:00,21258.0,2024-09-27 18:00:00,5466.0,2024-09-27 16:00:00,1057.0,2024-09-27
2024-09-25 05:29:00,2024-09-25 06:26:00,XAUUSD,Buy,0.72,2657.47,0.0,2658.97,2657.47,-150.0,-111.24,00:00:57:00,-1.03,625,253817.0,2024-09-25 05:25:00,84739.0,2024-09-25 05:15:00,21197.0,2024-09-25 05:00:00,5451.0,2024-09-25 04:00:00,1055.0,2024-09-25
2024-09-25 05:37:00,2024-09-25 06:26:00,XAUUSD,Buy,0.72,2657.7,0.0,2658.17,2657.7,-47.0,-37.08,00:00:49:00,-0.35,626,253819.0,2024-09-25 05:35:00,84740.0,2024-09-25 05:30:00,21197.0,2024-09-25 05:00:00,5451.0,2024-09-25 04:00:00,1055.0,2024-09-25
2024-09-17 15:46:00,2024-09-17 16:06:00,XAUUSD,Buy,0.71,2575.1,0.0,2572.06,2575.1,304.0,212.64,00:00:20:00,2.0,627,252202.0,2024-09-17 15:45:00,84201.0,2024-09-17 15:45:00,21062.0,2024-09-17 15:00:00,5416.0,2024-09-17 12:00:00,1048.0,2024-09-17
2024-09-12 17:17:00,2024-09-12 17:24:00,XAUUSD,Buy,0.71,2546.4,0.0,2546.15,2546.4,25.0,14.55,00:00:07:00,0.14,628,251345.0,2024-09-12 17:15:00,83915.0,2024-09-12 17:15:00,20991.0,2024-09-12 17:00:00,5398.0,2024-09-12 16:00:00,1044.0,2024-09-12
2024-09-11 13:39:00,2024-09-11 13:41:00,XAUUSD,Buy,0.71,2505.45,0.0,2506.95,2505.45,-150.0,-109.7,00:00:02:00,-1.02,629,251013.0,2024-09-11 13:35:00,83804.0,2024-09-11 13:30:00,20963.0,2024-09-11 13:00:00,5391.0,2024-09-11 12:00:00,1043.0,2024-09-11
2024-09-09 06:56:00,2024-09-09 07:08:00,XAUUSD,Buy,0.71,2489.0,0.0,2488.05,2489.0,95.0,64.25,00:00:12:00,0.6,630,250357.0,2024-09-09 06:55:00,83585.0,2024-09-09 06:45:00,20908.0,2024-09-09 06:00:00,5377.0,2024-09-09 04:00:00,1041.0,2024-09-09
2024-09-06 14:37:00,2024-09-06 14:41:00,XAUUSD,Buy,0.7,2505.8,0.0,2502.75,2505.8,305.0,210.35,00:00:04:00,2.01,631,250150.0,2024-09-06 14:35:00,83516.0,2024-09-06 14:30:00,20891.0,2024-09-06 14:00:00,5372.0,2024-09-06 12:00:00,1039.0,2024-09-06
2024-09-05 14:07:00,2024-09-05 14:10:00,XAUUSD,Buy,0.7,2513.15,0.0,2514.65,2513.15,-150.0,-108.15,00:00:03:00,-1.02,632,249856.0,2024-09-05 14:05:00,83418.0,2024-09-05 14:00:00,20867.0,2024-09-05 14:00:00,5366.0,2024-09-05 12:00:00,1038.0,2024-09-05
2024-09-04 10:00:00,2024-09-04 10:12:00,XAUUSD,Buy,0.7,2474.3,0.0,2473.35,2474.3,95.0,63.35,00:00:12:00,0.6,633,249519.0,2024-09-04 10:00:00,83306.0,2024-09-04 10:00:00,20839.0,2024-09-04 10:00:00,5359.0,2024-09-04 08:00:00,1037.0,2024-09-04
2024-09-03 14:41:00,2024-09-03 14:42:00,XAUUSD,Buy,0.71,2480.95,0.0,2482.45,2480.95,-150.0,-109.7,00:00:01:00,-1.03,634,249287.0,2024-09-03 14:40:00,83228.0,2024-09-03 14:30:00,20819.0,2024-09-03 14:00:00,5354.0,2024-09-03 12:00:00,1036.0,2024-09-03
2024-09-03 02:28:00,2024-09-03 03:09:00,XAUUSD,Buy,0.7,2493.9,0.0,2491.55,2493.9,235.0,161.35,00:00:41:00,1.55,635,249140.0,2024-09-03 02:25:00,83179.0,2024-09-03 02:15:00,20807.0,2024-09-03 02:00:00,5351.0,2024-09-03 00:00:00,1036.0,2024-09-03
2024-08-30 16:10:00,2024-08-30 16:13:00,XAUUSD,Buy,0.7,2503.7,0.0,2504.15,2503.7,-45.0,-34.65,00:00:03:00,-0.33,636,248736.0,2024-08-30 16:10:00,83044.0,2024-08-30 16:00:00,20773.0,2024-08-30 16:00:00,5342.0,2024-08-30 16:00:00,1033.0,2024-08-30
2024-08-30 12:01:00,2024-08-30 12:41:00,XAUUSD,Buy,0.68,2521.2,0.0,2516.75,2521.2,445.0,299.54,00:00:40:00,2.94,637,248686.0,2024-08-30 12:00:00,83028.0,2024-08-30 12:00:00,20769.0,2024-08-30 12:00:00,5341.0,2024-08-30 12:00:00,1033.0,2024-08-30
2024-08-27 09:00:00,2024-08-27 09:30:00,XAUUSD,Buy,0.66,2510.7,0.0,2505.55,2510.7,515.0,336.93,00:00:30:00,3.42,638,247786.0,2024-08-27 09:00:00,82728.0,2024-08-27 09:00:00,20694.0,2024-08-27 09:00:00,5322.0,2024-08-27 08:00:00,1030.0,2024-08-27
2024-08-27 02:18:00,2024-08-27 02:47:00,XAUUSD,Buy,0.66,2510.35,0.0,2511.85,2510.35,-150.0,-101.97,00:00:29:00,-1.03,639,247705.0,2024-08-27 02:15:00,82701.0,2024-08-27 02:15:00,20687.0,2024-08-27 02:00:00,5320.0,2024-08-27 00:00:00,1030.0,2024-08-27
2024-08-26 15:03:00,2024-08-26 15:11:00,XAUUSD,Buy,0.65,2515.6,0.0,2512.55,2515.6,305.0,195.32,00:00:08:00,2.0,640,247570.0,2024-08-26 15:00:00,82656.0,2024-08-26 15:00:00,20676.0,2024-08-26 15:00:00,5317.0,2024-08-26 12:00:00,1029.0,2024-08-26
2024-08-20 16:04:00,2024-08-20 16:05:00,XAUUSD,Buy,0.65,2514.2,0.0,2513.95,2514.2,25.0,13.32,00:00:01:00,0.14,641,246419.0,2024-08-20 16:00:00,82272.0,2024-08-20 16:00:00,20580.0,2024-08-20 16:00:00,5293.0,2024-08-20 16:00:00,1024.0,2024-08-20
2024-08-15 13:42:00,2024-08-15 13:47:00,XAUUSD,Buy,0.63,2454.7,0.0,2450.95,2454.7,375.0,233.41,00:00:05:00,2.46,642,245516.0,2024-08-15 13:40:00,81970.0,2024-08-15 13:30:00,20504.0,2024-08-15 13:00:00,5273.0,2024-08-15 12:00:00,1020.0,2024-08-15
2024-08-14 16:49:00,2024-08-14 17:15:00,XAUUSD,Buy,0.63,2443.5,0.0,2442.54,2443.5,96.0,57.64,00:00:26:00,0.61,643,245265.0,2024-08-14 16:45:00,81887.0,2024-08-14 16:45:00,20483.0,2024-08-14 16:00:00,5268.0,2024-08-14 16:00:00,1019.0,2024-08-14
2024-08-14 13:32:00,2024-08-14 13:32:00,XAUUSD,Buy,0.64,2464.85,0.0,2466.35,2464.85,-150.0,-98.88,00:00:00:00,-1.04,644,245226.0,2024-08-14 13:30:00,81874.0,2024-08-14 13:30:00,20480.0,2024-08-14 13:00:00,5267.0,2024-08-14 12:00:00,1019.0,2024-08-14
2024-08-14 03:10:00,2024-08-14 03:12:00,XAUUSD,Buy,0.64,2461.35,0.0,2462.85,2461.35,-150.0,-98.88,00:00:02:00,-1.03,645,245102.0,2024-08-14 03:10:00,81832.0,2024-08-14 03:00:00,20470.0,2024-08-14 03:00:00,5264.0,2024-08-14 00:00:00,1019.0,2024-08-14
2024-08-13 14:23:00,2024-08-13 14:35:00,XAUUSD,Buy,0.61,2468.7,0.0,2460.75,2468.7,795.0,482.2,00:00:12:00,5.27,646,244948.0,2024-08-13 14:20:00,81781.0,2024-08-13 14:15:00,20457.0,2024-08-13 14:00:00,5261.0,2024-08-13 12:00:00,1018.0,2024-08-13
2024-08-13 02:22:00,2024-08-13 02:33:00,XAUUSD,Buy,0.61,2463.1,0.0,2462.85,2463.1,25.0,12.5,00:00:11:00,0.14,647,244804.0,2024-08-13 02:20:00,81733.0,2024-08-13 02:15:00,20445.0,2024-08-13 02:00:00,5258.0,2024-08-13 00:00:00,1018.0,2024-08-13
2024-08-06 15:26:00,2024-08-06 15:28:00,XAUUSD,Buy,0.62,2390.7,0.0,2392.2,2390.7,-150.0,-95.79,00:00:02:00,-1.04,648,243510.0,2024-08-06 15:25:00,81301.0,2024-08-06 15:15:00,20337.0,2024-08-06 15:00:00,5230.0,2024-08-06 12:00:00,1012.0,2024-08-06
2024-08-05 14:23:00,2024-08-05 14:25:00,XAUUSD,Buy,0.62,2384.7,0.0,2385.14,2384.7,-44.0,-30.07,00:00:02:00,-0.32,649,243209.0,2024-08-05 14:20:00,81201.0,2024-08-05 14:15:00,20312.0,2024-08-05 14:00:00,5224.0,2024-08-05 12:00:00,1011.0,2024-08-05
2024-08-05 12:01:00,2024-08-05 12:02:00,XAUUSD,Buy,0.62,2405.0,0.0,2404.74,2405.0,26.0,13.33,00:00:01:00,0.14,650,243181.0,2024-08-05 12:00:00,81192.0,2024-08-05 12:00:00,20310.0,2024-08-05 12:00:00,5224.0,2024-08-05 12:00:00,1011.0,2024-08-05
2024-08-05 08:45:00,2024-08-05 08:46:00,XAUUSD,Buy,0.62,2434.74,0.0,2436.24,2434.74,-150.0,-95.79,00:00:01:00,-1.02,651,243142.0,2024-08-05 08:45:00,81179.0,2024-08-05 08:45:00,20306.0,2024-08-05 08:00:00,5223.0,2024-08-05 08:00:00,1011.0,2024-08-05
2024-08-05 01:10:00,2024-08-05 01:13:00,XAUUSD,Buy,0.62,2433.0,0.0,2431.34,2433.0,166.0,100.13,00:00:03:00,1.08,652,243051.0,2024-08-05 01:10:00,81148.0,2024-08-05 01:00:00,20299.0,2024-08-05 01:00:00,5221.0,2024-08-05 00:00:00,1011.0,2024-08-05
2024-08-02 15:29:00,2024-08-02 15:30:00,XAUUSD,Buy,0.62,2463.45,0.0,2464.95,2463.45,-150.0,-95.79,00:00:01:00,-1.02,653,242923.0,2024-08-02 15:25:00,81105.0,2024-08-02 15:15:00,20288.0,2024-08-02 15:00:00,5217.0,2024-08-02 12:00:00,1009.0,2024-08-02
2024-08-02 14:05:00,2024-08-02 14:10:00,XAUUSD,Buy,0.61,2465.9,0.0,2462.85,2465.9,305.0,183.3,00:00:05:00,2.0,654,242907.0,2024-08-02 14:05:00,81100.0,2024-08-02 14:00:00,20287.0,2024-08-02 14:00:00,5217.0,2024-08-02 12:00:00,1009.0,2024-08-02
2024-08-02 02:17:00,2024-08-02 02:32:00,XAUUSD,Buy,0.59,2441.4,0.0,2436.94,2441.4,446.0,260.48,00:00:15:00,2.93,655,242765.0,2024-08-02 02:15:00,81053.0,2024-08-02 02:15:00,20275.0,2024-08-02 02:00:00,5214.0,2024-08-02 00:00:00,1009.0,2024-08-02
2024-08-01 15:09:00,2024-08-01 15:11:00,XAUUSD,Buy,0.6,2448.04,0.0,2449.54,2448.04,-150.0,-92.7,00:00:02:00,-1.03,656,242631.0,2024-08-01 15:05:00,81008.0,2024-08-01 15:00:00,20264.0,2024-08-01 15:00:00,5211.0,2024-08-01 12:00:00,1008.0,2024-08-01
2024-08-01 03:51:00,2024-08-01 03:52:00,XAUUSD,Buy,0.61,2440.34,0.0,2441.84,2440.34,-150.0,-94.25,00:00:01:00,-1.04,657,242496.0,2024-08-01 03:50:00,80963.0,2024-08-01 03:45:00,20252.0,2024-08-01 03:00:00,5208.0,2024-08-01 00:00:00,1008.0,2024-08-01
2024-07-25 12:45:00,2024-07-25 12:55:00,XAUUSD,Buy,0.61,2368.94,0.0,2370.44,2368.94,-150.0,-94.25,00:00:10:00,-1.03,658,241152.0,2024-07-25 12:45:00,80515.0,2024-07-25 12:45:00,20140.0,2024-07-25 12:00:00,5180.0,2024-07-25 12:00:00,1002.0,2024-07-25
2024-07-24 21:13:00,2024-07-24 21:28:00,XAUUSD,Buy,0.62,2397.64,0.0,2399.14,2397.64,-150.0,-95.79,00:00:15:00,-1.03,659,240965.0,2024-07-24 21:10:00,80452.0,2024-07-24 21:00:00,20125.0,2024-07-24 21:00:00,5176.0,2024-07-24 20:00:00,1001.0,2024-07-24
2024-07-24 19:04:00,2024-07-24 20:30:00,XAUUSD,Buy,0.62,2405.84,0.0,2407.34,2405.84,-150.0,-95.79,00:01:26:00,-1.02,660,240939.0,2024-07-24 19:00:00,80444.0,2024-07-24 19:00:00,20123.0,2024-07-24 19:00:00,5175.0,2024-07-24 16:00:00,1001.0,2024-07-24
2024-07-24 19:08:00,2024-07-24 19:58:00,XAUUSD,Buy,0.61,2408.5,0.0,2406.14,2408.5,236.0,141.21,00:00:50:00,1.53,661,240940.0,2024-07-24 19:05:00,80444.0,2024-07-24 19:00:00,20123.0,2024-07-24 19:00:00,5175.0,2024-07-24 16:00:00,1001.0,2024-07-24
2024-07-22 13:19:00,2024-07-22 13:28:00,XAUUSD,Buy,0.61,2397.3,0.0,2395.64,2397.3,166.0,98.51,00:00:09:00,1.08,662,240294.0,2024-07-22 13:15:00,80229.0,2024-07-22 13:15:00,20069.0,2024-07-22 13:00:00,5162.0,2024-07-22 12:00:00,999.0,2024-07-22
2024-07-18 20:19:00,2024-07-18 20:30:00,XAUUSD,Buy,0.61,2442.1,0.0,2441.14,2442.1,96.0,55.81,00:00:11:00,0.61,663,239791.0,2024-07-18 20:15:00,80061.0,2024-07-18 20:15:00,20027.0,2024-07-18 20:00:00,5151.0,2024-07-18 20:00:00,996.0,2024-07-18
2024-07-17 17:25:00,2024-07-17 17:26:00,XAUUSD,Buy,0.61,2453.65,0.0,2455.15,2453.65,-150.0,-94.25,00:00:01:00,-1.03,664,239469.0,2024-07-17 17:25:00,79953.0,2024-07-17 17:15:00,20000.0,2024-07-17 17:00:00,5144.0,2024-07-17 16:00:00,995.0,2024-07-17
2024-07-17 03:42:00,2024-07-17 03:55:00,XAUUSD,Buy,0.6,2474.3,0.0,2471.95,2474.3,235.0,138.3,00:00:13:00,1.53,665,239304.0,2024-07-17 03:40:00,79898.0,2024-07-17 03:30:00,19986.0,2024-07-17 03:00:00,5140.0,2024-07-17 00:00:00,995.0,2024-07-17
2024-07-16 13:39:00,2024-07-16 13:50:00,XAUUSD,Buy,0.6,2432.3,0.0,2432.74,2432.3,-44.0,-29.1,00:00:11:00,-0.32,666,239135.0,2024-07-16 13:35:00,79842.0,2024-07-16 13:30:00,19972.0,2024-07-16 13:00:00,5137.0,2024-07-16 12:00:00,994.0,2024-07-16
2024-07-15 07:35:00,2024-07-15 07:37:00,XAUUSD,Buy,0.61,2403.24,0.0,2404.74,2403.24,-150.0,-94.25,00:00:02:00,-1.03,667,238775.0,2024-07-15 07:35:00,79722.0,2024-07-15 07:30:00,19942.0,2024-07-15 07:00:00,5129.0,2024-07-15 04:00:00,993.0,2024-07-15
2024-07-10 18:37:00,2024-07-10 18:40:00,XAUUSD,Buy,0.62,2371.04,0.0,2372.54,2371.04,-150.0,-95.79,00:00:03:00,-1.03,668,238032.0,2024-07-10 18:35:00,79474.0,2024-07-10 18:30:00,19880.0,2024-07-10 18:00:00,5113.0,2024-07-10 16:00:00,989.0,2024-07-10
2024-07-08 16:49:00,2024-07-08 16:52:00,XAUUSD,Buy,0.62,2353.54,0.0,2355.04,2353.54,-150.0,-95.79,00:00:03:00,-1.02,669,237434.0,2024-07-08 16:45:00,79275.0,2024-07-08 16:45:00,19830.0,2024-07-08 16:00:00,5101.0,2024-07-08 16:00:00,987.0,2024-07-08
2024-07-08 16:38:00,2024-07-08 16:43:00,XAUUSD,Buy,0.63,2364.74,0.0,2366.24,2364.74,-150.0,-97.34,00:00:05:00,-1.03,670,237432.0,2024-07-08 16:35:00,79274.0,2024-07-08 16:30:00,19830.0,2024-07-08 16:00:00,5101.0,2024-07-08 16:00:00,987.0,2024-07-08
2024-07-02 11:34:00,2024-07-02 11:53:00,XAUUSD,Buy,0.63,2324.5,0.0,2323.53,2324.5,97.0,58.27,00:00:19:00,0.62,671,236226.0,2024-07-02 11:30:00,78872.0,2024-07-02 11:30:00,19729.0,2024-07-02 11:00:00,5074.0,2024-07-02 08:00:00,982.0,2024-07-02
2024-07-01 15:24:00,2024-07-01 15:31:00,XAUUSD,Buy,0.62,2322.4,0.0,2321.43,2322.4,97.0,57.35,00:00:07:00,0.61,672,235984.0,2024-07-01 15:20:00,78791.0,2024-07-01 15:15:00,19709.0,2024-07-01 15:00:00,5069.0,2024-07-01 12:00:00,981.0,2024-07-01
2024-07-01 14:05:00,2024-07-01 14:20:00,XAUUSD,Buy,0.63,2326.23,0.0,2327.73,2326.23,-150.0,-97.34,00:00:15:00,-1.03,673,235969.0,2024-07-01 14:05:00,78786.0,2024-07-01 14:00:00,19708.0,2024-07-01 14:00:00,5069.0,2024-07-01 12:00:00,981.0,2024-07-01
2024-06-26 14:33:00,2024-06-26 14:36:00,XAUUSD,Buy,0.62,2297.9,0.0,2296.93,2297.9,97.0,57.35,00:00:03:00,0.61,674,235099.0,2024-06-26 14:30:00,78496.0,2024-06-26 14:30:00,19635.0,2024-06-26 14:00:00,5050.0,2024-06-26 12:00:00,977.0,2024-06-26
2024-06-26 14:16:00,2024-06-26 14:17:00,XAUUSD,Buy,0.63,2301.73,0.0,2303.23,2301.73,-150.0,-97.34,00:00:01:00,-1.03,675,235096.0,2024-06-26 14:15:00,78495.0,2024-06-26 14:15:00,19635.0,2024-06-26 14:00:00,5050.0,2024-06-26 12:00:00,977.0,2024-06-26
2024-06-26 07:10:00,2024-06-26 07:49:00,XAUUSD,Buy,0.61,2316.1,0.0,2310.23,2316.1,587.0,355.32,00:00:39:00,3.9,676,235011.0,2024-06-26 07:10:00,78466.0,2024-06-26 07:00:00,19628.0,2024-06-26 07:00:00,5048.0,2024-06-26 04:00:00,977.0,2024-06-26
2024-06-21 14:56:00,2024-06-21 15:00:00,XAUUSD,Buy,0.6,2339.2,0.0,2336.83,2339.2,237.0,139.5,00:00:04:00,1.55,677,234229.0,2024-06-21 14:55:00,78205.0,2024-06-21 14:45:00,19562.0,2024-06-21 14:00:00,5031.0,2024-06-21 12:00:00,973.0,2024-06-21
2024-06-20 16:31:00,2024-06-20 16:44:00,XAUUSD,Buy,0.59,2355.3,0.0,2353.64,2355.3,166.0,95.28,00:00:13:00,1.07,678,233960.0,2024-06-20 16:30:00,78116.0,2024-06-20 16:30:00,19540.0,2024-06-20 16:00:00,5026.0,2024-06-20 16:00:00,972.0,2024-06-20
2024-06-20 10:02:00,2024-06-20 10:13:00,XAUUSD,Buy,0.6,2331.83,0.0,2333.33,2331.83,-150.0,-92.7,00:00:11:00,-1.03,679,233882.0,2024-06-20 10:00:00,78090.0,2024-06-20 10:00:00,19534.0,2024-06-20 10:00:00,5024.0,2024-06-20 08:00:00,972.0,2024-06-20
2024-06-18 09:50:00,2024-06-18 10:46:00,XAUUSD,Buy,0.6,2311.2,0.0,2311.63,2311.2,-43.0,-28.5,00:00:56:00,-0.32,680,233322.0,2024-06-18 09:50:00,77903.0,2024-06-18 09:45:00,19486.0,2024-06-18 09:00:00,5012.0,2024-06-18 08:00:00,970.0,2024-06-18
2024-06-18 09:19:00,2024-06-18 09:28:00,XAUUSD,Buy,0.61,2312.23,0.0,2313.73,2312.23,-150.0,-94.25,00:00:09:00,-1.04,681,233315.0,2024-06-18 09:15:00,77901.0,2024-06-18 09:15:00,19486.0,2024-06-18 09:00:00,5012.0,2024-06-18 08:00:00,970.0,2024-06-18
2024-06-17 16:45:00,2024-06-17 17:41:00,XAUUSD,Buy,0.59,2315.4,0.0,2311.63,2315.4,377.0,219.77,00:00:56:00,2.48,682,233117.0,2024-06-17 16:45:00,77835.0,2024-06-17 16:45:00,19469.0,2024-06-17 16:00:00,5008.0,2024-06-17 16:00:00,969.0,2024-06-17
2024-06-13 17:03:00,2024-06-13 17:09:00,XAUUSD,Buy,0.6,2296.13,0.0,2297.63,2296.13,-150.0,-92.7,00:00:06:00,-1.03,683,232533.0,2024-06-13 17:00:00,77640.0,2024-06-13 17:00:00,19421.0,2024-06-13 17:00:00,4995.0,2024-06-13 16:00:00,966.0,2024-06-13
2024-06-13 12:36:00,2024-06-13 12:39:00,XAUUSD,Buy,0.6,2308.73,0.0,2310.23,2308.73,-150.0,-92.7,00:00:03:00,-1.02,684,232480.0,2024-06-13 12:35:00,77622.0,2024-06-13 12:30:00,19416.0,2024-06-13 12:00:00,4994.0,2024-06-13 12:00:00,966.0,2024-06-13
2024-06-07 20:34:00,2024-06-07 20:46:00,XAUUSD,Buy,0.61,2292.63,0.0,2294.13,2292.63,-150.0,-94.25,00:00:12:00,-1.03,685,231412.0,2024-06-07 20:30:00,77266.0,2024-06-07 20:30:00,19327.0,2024-06-07 20:00:00,4971.0,2024-06-07 20:00:00,961.0,2024-06-07
2024-06-07 09:42:00,2024-06-07 09:45:00,XAUUSD,Buy,0.61,2346.2,0.0,2345.23,2346.2,97.0,56.42,00:00:03:00,0.62,686,231282.0,2024-06-07 09:40:00,77222.0,2024-06-07 09:30:00,19316.0,2024-06-07 09:00:00,4968.0,2024-06-07 08:00:00,961.0,2024-06-07
2024-06-07 09:05:00,2024-06-07 09:06:00,XAUUSD,Buy,0.6,2360.9,0.0,2359.94,2360.9,96.0,54.9,00:00:01:00,0.61,687,231275.0,2024-06-07 09:05:00,77220.0,2024-06-07 09:00:00,19316.0,2024-06-07 09:00:00,4968.0,2024-06-07 08:00:00,961.0,2024-06-07
2024-06-04 14:46:00,2024-06-04 14:50:00,XAUUSD,Buy,0.61,2326.23,0.0,2327.73,2326.23,-150.0,-94.25,00:00:04:00,-1.03,688,230479.0,2024-06-04 14:45:00,76955.0,2024-06-04 14:45:00,19249.0,2024-06-04 14:00:00,4951.0,2024-06-04 12:00:00,958.0,2024-06-04
2024-05-28 07:32:00,2024-05-28 07:57:00,XAUUSD,Buy,0.62,2341.63,0.0,2343.13,2341.63,-150.0,-95.79,00:00:25:00,-1.04,689,228941.0,2024-05-28 07:30:00,76442.0,2024-05-28 07:30:00,19121.0,2024-05-28 07:00:00,4918.0,2024-05-28 04:00:00,952.0,2024-05-28
2024-05-23 14:51:00,2024-05-23 15:02:00,XAUUSD,Buy,0.58,2362.3,0.0,2352.24,2362.3,1006.0,580.87,00:00:11:00,6.71,690,228172.0,2024-05-23 14:50:00,76185.0,2024-05-23 14:45:00,19056.0,2024-05-23 14:00:00,4901.0,2024-05-23 12:00:00,948.0,2024-05-23
2024-05-22 15:17:00,2024-05-22 15:18:00,XAUUSD,Buy,0.58,2392.04,0.0,2393.54,2392.04,-150.0,-89.61,00:00:01:00,-1.02,691,227889.0,2024-05-22 15:15:00,76091.0,2024-05-22 15:15:00,19033.0,2024-05-22 15:00:00,4895.0,2024-05-22 12:00:00,947.0,2024-05-22
2024-05-22 03:58:00,2024-05-22 04:25:00,XAUUSD,Buy,0.58,2419.0,0.0,2417.34,2419.0,166.0,93.67,00:00:27:00,1.08,692,227753.0,2024-05-22 03:55:00,76045.0,2024-05-22 03:45:00,19021.0,2024-05-22 03:00:00,4892.0,2024-05-22 00:00:00,947.0,2024-05-22
2024-05-21 03:01:00,2024-05-21 03:04:00,XAUUSD,Buy,0.58,2418.64,0.0,2420.14,2418.64,-150.0,-89.61,00:00:03:00,-1.03,693,227454.0,2024-05-21 03:00:00,75946.0,2024-05-21 03:00:00,18997.0,2024-05-21 03:00:00,4886.0,2024-05-21 00:00:00,946.0,2024-05-21
2024-05-20 07:25:00,2024-05-20 07:32:00,XAUUSD,Buy,0.58,2440.0,0.0,2440.44,2440.0,-44.0,-28.13,00:00:07:00,-0.32,694,227219.0,2024-05-20 07:25:00,75867.0,2024-05-20 07:15:00,18977.0,2024-05-20 07:00:00,4881.0,2024-05-20 04:00:00,945.0,2024-05-20
2024-05-20 02:23:00,2024-05-20 02:30:00,XAUUSD,Buy,0.57,2431.6,0.0,2428.54,2431.6,306.0,171.85,00:00:07:00,2.0,695,227158.0,2024-05-20 02:20:00,75847.0,2024-05-20 02:15:00,18972.0,2024-05-20 02:00:00,4880.0,2024-05-20 00:00:00,945.0,2024-05-20
2024-05-17 16:16:00,2024-05-17 16:21:00,XAUUSD,Buy,0.57,2409.2,0.0,2408.24,2409.2,96.0,52.15,00:00:05:00,0.61,696,227026.0,2024-05-17 16:15:00,75803.0,2024-05-17 16:15:00,18961.0,2024-05-17 16:00:00,4877.0,2024-05-17 16:00:00,943.0,2024-05-17
2024-05-15 13:39:00,2024-05-15 13:40:00,XAUUSD,Buy,0.57,2367.9,0.0,2366.94,2367.9,96.0,52.15,00:00:01:00,0.61,697,226418.0,2024-05-15 13:35:00,75600.0,2024-05-15 13:30:00,18910.0,2024-05-15 13:00:00,4864.0,2024-05-15 12:00:00,941.0,2024-05-15
2024-05-15 12:05:00,2024-05-15 12:30:00,XAUUSD,Buy,0.57,2364.04,0.0,2365.54,2364.04,-150.0,-88.07,00:00:25:00,-1.03,698,226400.0,2024-05-15 12:05:00,75594.0,2024-05-15 12:00:00,18909.0,2024-05-15 12:00:00,4864.0,2024-05-15 12:00:00,941.0,2024-05-15
2024-05-14 07:55:00,2024-05-14 08:22:00,XAUUSD,Buy,0.57,2337.1,0.0,2337.53,2337.1,-43.0,-27.08,00:00:27:00,-0.31,699,226062.0,2024-05-14 07:55:00,75481.0,2024-05-14 07:45:00,18880.0,2024-05-14 07:00:00,4856.0,2024-05-14 04:00:00,940.0,2024-05-14
2024-05-13 10:59:00,2024-05-13 11:27:00,XAUUSD,Buy,0.57,2340.6,0.0,2340.33,2340.6,27.0,12.82,00:00:28:00,0.15,700,225810.0,2024-05-13 10:55:00,75397.0,2024-05-13 10:45:00,18859.0,2024-05-13 10:00:00,4851.0,2024-05-13 08:00:00,939.0,2024-05-13
2024-05-10 13:28:00,2024-05-10 13:35:00,XAUUSD,Buy,0.57,2365.8,0.0,2366.24,2365.8,-44.0,-27.65,00:00:07:00,-0.32,701,225541.0,2024-05-10 13:25:00,75307.0,2024-05-10 13:15:00,18837.0,2024-05-10 13:00:00,4845.0,2024-05-10 12:00:00,937.0,2024-05-10
2024-05-09 14:13:00,2024-05-09 14:13:00,XAUUSD,Buy,0.58,2312.93,0.0,2314.43,2312.93,-150.0,-89.61,00:00:00:00,-1.03,702,225262.0,2024-05-09 14:10:00,75214.0,2024-05-09 14:00:00,18814.0,2024-05-09 14:00:00,4839.0,2024-05-09 12:00:00,936.0,2024-05-09
2024-05-08 09:02:00,2024-05-08 09:06:00,XAUUSD,Buy,0.59,2304.53,0.0,2306.03,2304.53,-150.0,-91.16,00:00:04:00,-1.02,703,224912.0,2024-05-08 09:00:00,75098.0,2024-05-08 09:00:00,18785.0,2024-05-08 09:00:00,4832.0,2024-05-08 08:00:00,935.0,2024-05-08
2024-05-08 09:02:00,2024-05-08 09:06:00,XAUUSD,Buy,0.59,2304.53,0.0,2306.03,2304.53,-150.0,-91.16,00:00:04:00,-1.04,704,224912.0,2024-05-08 09:00:00,75098.0,2024-05-08 09:00:00,18785.0,2024-05-08 09:00:00,4832.0,2024-05-08 08:00:00,935.0,2024-05-08
2024-05-03 14:36:00,2024-05-03 14:37:00,XAUUSD,Buy,0.58,2281.1,0.0,2279.43,2281.1,167.0,94.25,00:00:01:00,1.08,705,224104.0,2024-05-03 14:35:00,74828.0,2024-05-03 14:30:00,18717.0,2024-05-03 14:00:00,4814.0,2024-05-03 12:00:00,931.0,2024-05-03
2024-05-03 14:36:00,2024-05-03 14:37:00,XAUUSD,Buy,0.58,2281.1,0.0,2279.43,2281.1,167.0,94.25,00:00:01:00,1.07,706,224104.0,2024-05-03 14:35:00,74828.0,2024-05-03 14:30:00,18717.0,2024-05-03 14:00:00,4814.0,2024-05-03 12:00:00,931.0,2024-05-03
2024-05-03 08:16:00,2024-05-03 08:42:00,XAUUSD,Buy,0.57,2300.7,0.0,2298.33,2300.7,237.0,132.52,00:00:26:00,1.55,707,224028.0,2024-05-03 08:15:00,74803.0,2024-05-03 08:15:00,18711.0,2024-05-03 08:00:00,4813.0,2024-05-03 08:00:00,931.0,2024-05-03
2024-05-02 14:13:00,2024-05-02 14:16:00,XAUUSD,Buy,0.58,2287.03,0.0,2288.53,2287.03,-150.0,-89.61,00:00:03:00,-1.03,708,223811.0,2024-05-02 14:10:00,74730.0,2024-05-02 14:00:00,18693.0,2024-05-02 14:00:00,4808.0,2024-05-02 12:00:00,930.0,2024-05-02
2024-05-02 14:10:00,2024-05-02 14:11:00,XAUUSD,Buy,0.58,2288.43,0.0,2289.94,2288.43,-151.0,-90.19,00:00:01:00,-1.03,709,223811.0,2024-05-02 14:10:00,74730.0,2024-05-02 14:00:00,18693.0,2024-05-02 14:00:00,4808.0,2024-05-02 12:00:00,930.0,2024-05-02
2024-04-26 15:42:00,2024-04-26 15:49:00,XAUUSD,Buy,0.58,2333.6,0.0,2332.63,2333.6,97.0,53.65,00:00:07:00,0.62,710,222666.0,2024-04-26 15:40:00,74348.0,2024-04-26 15:30:00,18597.0,2024-04-26 15:00:00,4783.0,2024-04-26 12:00:00,925.0,2024-04-26
2024-04-25 14:08:00,2024-04-25 14:09:00,XAUUSD,Buy,0.58,2323.8,0.0,2323.53,2323.8,27.0,13.05,00:00:01:00,0.15,711,222359.0,2024-04-25 14:05:00,74246.0,2024-04-25 14:00:00,18572.0,2024-04-25 14:00:00,4777.0,2024-04-25 12:00:00,924.0,2024-04-25
2024-04-25 04:14:00,2024-04-25 04:14:00,XAUUSD,Buy,0.59,2309.43,0.0,2310.93,2309.43,-150.0,-91.16,00:00:00:00,-1.04,712,222240.0,2024-04-25 04:10:00,74206.0,2024-04-25 04:00:00,18562.0,2024-04-25 04:00:00,4775.0,2024-04-25 04:00:00,924.0,2024-04-25
2024-04-23 10:15:00,2024-04-23 10:16:00,XAUUSD,Buy,0.59,2296.13,0.0,2297.63,2296.13,-150.0,-91.16,00:00:01:00,-1.03,713,221737.0,2024-04-23 10:15:00,74039.0,2024-04-23 10:15:00,18520.0,2024-04-23 10:00:00,4764.0,2024-04-23 08:00:00,922.0,2024-04-23
2024-04-22 13:52:00,2024-04-22 13:52:00,XAUUSD,Buy,0.6,2334.63,0.0,2336.13,2334.63,-150.0,-92.7,00:00:00:00,-1.03,714,221492.0,2024-04-22 13:50:00,73957.0,2024-04-22 13:45:00,18499.0,2024-04-22 13:00:00,4759.0,2024-04-22 12:00:00,921.0,2024-04-22
2024-04-19 20:57:00,2024-04-21 23:00:00,XAUUSD,Buy,0.6,2388.9,0.0,2387.94,2388.9,96.0,7.37,02:02:03:00,0.08,715,221278.0,2024-04-19 20:55:00,73885.0,2024-04-19 20:45:00,18481.0,2024-04-19 20:00:00,4754.0,2024-04-19 20:00:00,919.0,2024-04-19
2024-04-17 16:19:00,2024-04-17 16:24:00,XAUUSD,Buy,0.59,2386.1,0.0,2384.44,2386.1,166.0,95.28,00:00:05:00,1.08,716,220646.0,2024-04-17 16:15:00,73675.0,2024-04-17 16:15:00,18429.0,2024-04-17 16:00:00,4741.0,2024-04-17 16:00:00,917.0,2024-04-17
2024-04-16 19:24:00,2024-04-16 19:36:00,XAUUSD,Buy,0.57,2391.7,0.0,2387.24,2391.7,446.0,251.65,00:00:12:00,2.92,717,220395.0,2024-04-16 19:20:00,73591.0,2024-04-16 19:15:00,18408.0,2024-04-16 19:00:00,4735.0,2024-04-16 16:00:00,916.0,2024-04-16
2024-04-16 07:35:00,2024-04-16 07:39:00,XAUUSD,Buy,0.57,2376.3,0.0,2376.04,2376.3,26.0,12.25,00:00:04:00,0.14,718,220254.0,2024-04-16 07:35:00,73544.0,2024-04-16 07:30:00,18396.0,2024-04-16 07:00:00,4732.0,2024-04-16 04:00:00,916.0,2024-04-16
2024-04-15 15:08:00,2024-04-15 15:08:00,XAUUSD,Buy,0.59,2330.43,0.0,2331.93,2330.43,-150.0,-91.16,00:00:00:00,-1.04,719,220056.0,2024-04-15 15:05:00,73478.0,2024-04-15 15:00:00,18380.0,2024-04-15 15:00:00,4728.0,2024-04-15 12:00:00,915.0,2024-04-15
2024-04-15 15:08:00,2024-04-15 15:08:00,XAUUSD,Buy,0.59,2330.43,0.0,2331.93,2330.43,-150.0,-91.16,00:00:00:00,-1.05,720,220056.0,2024-04-15 15:05:00,73478.0,2024-04-15 15:00:00,18380.0,2024-04-15 15:00:00,4728.0,2024-04-15 12:00:00,915.0,2024-04-15
2024-04-15 14:44:00,2024-04-15 14:48:00,XAUUSD,Buy,0.57,2349.7,0.0,2345.23,2349.7,447.0,252.22,00:00:04:00,2.96,721,220051.0,2024-04-15 14:40:00,73476.0,2024-04-15 14:30:00,18379.0,2024-04-15 14:00:00,4728.0,2024-04-15 12:00:00,915.0,2024-04-15
2024-04-15 09:37:00,2024-04-15 10:02:00,XAUUSD,Buy,0.55,2351.8,0.0,2345.93,2351.8,587.0,320.37,00:00:25:00,3.91,722,219990.0,2024-04-15 09:35:00,73456.0,2024-04-15 09:30:00,18374.0,2024-04-15 09:00:00,4727.0,2024-04-15 08:00:00,915.0,2024-04-15
2024-04-12 19:28:00,2024-04-12 19:32:00,XAUUSD,Buy,0.55,2344.43,0.0,2345.93,2344.43,-150.0,-84.98,00:00:04:00,-1.03,723,219809.0,2024-04-12 19:25:00,73395.0,2024-04-12 19:15:00,18359.0,2024-04-12 19:00:00,4722.0,2024-04-12 16:00:00,913.0,2024-04-12
2024-04-10 02:12:00,2024-04-10 02:31:00,XAUUSD,Buy,0.55,2347.6,0.0,2345.93,2347.6,167.0,89.37,00:00:19:00,1.09,724,219026.0,2024-04-10 02:10:00,73134.0,2024-04-10 02:00:00,18294.0,2024-04-10 02:00:00,4706.0,2024-04-10 00:00:00,911.0,2024-04-10
2024-04-09 13:29:00,2024-04-09 13:36:00,XAUUSD,Buy,0.54,2348.3,0.0,2347.33,2348.3,97.0,49.95,00:00:07:00,0.61,725,218873.0,2024-04-09 13:25:00,73083.0,2024-04-09 13:15:00,18281.0,2024-04-09 13:00:00,4703.0,2024-04-09 12:00:00,910.0,2024-04-09
2024-04-05 02:18:00,2024-04-05 02:21:00,XAUUSD,Buy,0.55,2272.7,0.0,2273.13,2272.7,-43.0,-26.13,00:00:03:00,-0.32,726,218152.0,2024-04-05 02:15:00,72843.0,2024-04-05 02:15:00,18221.0,2024-04-05 02:00:00,4687.0,2024-04-05 00:00:00,907.0,2024-04-05
2024-04-04 13:09:00,2024-04-04 13:15:00,XAUUSD,Buy,0.55,2284.23,0.0,2285.73,2284.23,-150.0,-84.98,00:00:06:00,-1.03,727,217994.0,2024-04-04 13:05:00,72790.0,2024-04-04 13:00:00,18208.0,2024-04-04 13:00:00,4684.0,2024-04-04 12:00:00,906.0,2024-04-04
2024-04-02 15:44:00,2024-04-02 15:46:00,XAUUSD,Buy,0.56,2264.63,0.0,2266.13,2264.63,-150.0,-86.52,00:00:02:00,-1.04,728,217449.0,2024-04-02 15:40:00,72608.0,2024-04-02 15:30:00,18162.0,2024-04-02 15:00:00,4672.0,2024-04-02 12:00:00,904.0,2024-04-02
2024-03-21 13:34:00,2024-03-21 13:46:00,XAUUSD,Buy,0.56,2199.2,0.0,2198.92,2199.2,28.0,13.16,00:00:12:00,0.16,729,215384.0,2024-03-21 13:30:00,71920.0,2024-03-21 13:30:00,17990.0,2024-03-21 13:00:00,4628.0,2024-03-21 12:00:00,895.0,2024-03-21
2024-03-21 08:45:00,2024-03-21 09:32:00,XAUUSD,Buy,0.53,2203.4,0.0,2197.52,2203.4,588.0,309.25,00:00:47:00,3.85,730,215327.0,2024-03-21 08:45:00,71901.0,2024-03-21 08:45:00,17985.0,2024-03-21 08:00:00,4627.0,2024-03-21 08:00:00,895.0,2024-03-21
2024-03-12 18:09:00,2024-03-12 18:50:00,XAUUSD,Buy,0.54,2153.32,0.0,2154.82,2153.32,-150.0,-83.43,00:00:41:00,-1.03,731,213412.0,2024-03-12 18:05:00,71262.0,2024-03-12 18:00:00,17826.0,2024-03-12 18:00:00,4586.0,2024-03-12 16:00:00,887.0,2024-03-12
2024-03-08 19:12:00,2024-03-08 19:53:00,XAUUSD,Buy,0.52,2176.1,0.0,2169.52,2176.1,658.0,339.82,00:00:41:00,4.37,732,212826.0,2024-03-08 19:10:00,71066.0,2024-03-08 19:00:00,17777.0,2024-03-08 19:00:00,4573.0,2024-03-08 16:00:00,884.0,2024-03-08
2024-03-08 17:58:00,2024-03-08 18:00:00,XAUUSD,Buy,0.52,2183.8,0.0,2183.52,2183.8,28.0,12.22,00:00:02:00,0.16,733,212811.0,2024-03-08 17:55:00,71061.0,2024-03-08 17:45:00,17775.0,2024-03-08 17:00:00,4573.0,2024-03-08 16:00:00,884.0,2024-03-08
2024-02-13 13:50:00,2024-02-13 13:54:00,XAUUSD,Buy,0.52,2005.6,0.0,2007.11,2005.6,-151.0,-80.86,00:00:04:00,-1.03,734,207563.0,2024-02-13 13:50:00,69311.0,2024-02-13 13:45:00,17337.0,2024-02-13 13:00:00,4461.0,2024-02-13 12:00:00,863.0,2024-02-13
2024-02-08 11:36:00,2024-02-08 12:02:00,XAUUSD,Buy,0.53,2027.3,0.0,2028.81,2027.3,-151.0,-82.42,00:00:26:00,-1.04,735,206661.0,2024-02-08 11:35:00,69010.0,2024-02-08 11:30:00,17262.0,2024-02-08 11:00:00,4441.0,2024-02-08 08:00:00,859.0,2024-02-08
2024-02-01 10:49:00,2024-02-01 10:56:00,XAUUSD,Buy,0.53,2032.9,0.0,2034.41,2032.9,-151.0,-82.42,00:00:07:00,-1.03,736,205200.0,2024-02-01 10:45:00,68523.0,2024-02-01 10:45:00,17140.0,2024-02-01 10:00:00,4410.0,2024-02-01 08:00:00,853.0,2024-02-01
2024-01-30 15:26:00,2024-01-30 15:36:00,XAUUSD,Buy,0.53,2031.9,0.0,2030.21,2031.9,169.0,87.18,00:00:10:00,1.1,737,204680.0,2024-01-30 15:25:00,68349.0,2024-01-30 15:15:00,17097.0,2024-01-30 15:00:00,4399.0,2024-01-30 12:00:00,851.0,2024-01-30
2024-01-30 15:22:00,2024-01-30 15:23:00,XAUUSD,Buy,0.53,2030.09,0.0,2031.6,2030.09,-151.0,-82.42,00:00:01:00,-1.03,738,204679.0,2024-01-30 15:20:00,68349.0,2024-01-30 15:15:00,17097.0,2024-01-30 15:00:00,4399.0,2024-01-30 12:00:00,851.0,2024-01-30
2024-01-29 14:50:00,2024-01-29 14:59:00,XAUUSD,Buy,0.53,2024.2,0.0,2022.51,2024.2,169.0,87.18,00:00:09:00,1.1,739,204385.0,2024-01-29 14:50:00,68251.0,2024-01-29 14:45:00,17072.0,2024-01-29 14:00:00,4393.0,2024-01-29 12:00:00,850.0,2024-01-29
2024-01-29 14:45:00,2024-01-29 14:46:00,XAUUSD,Buy,0.53,2022.39,0.0,2023.9,2022.39,-151.0,-82.42,00:00:01:00,-1.03,740,204384.0,2024-01-29 14:45:00,68251.0,2024-01-29 14:45:00,17072.0,2024-01-29 14:00:00,4393.0,2024-01-29 12:00:00,850.0,2024-01-29
2024-01-22 05:45:00,2024-01-22 06:12:00,XAUUSD,Buy,0.54,2021.0,0.0,2022.51,2021.0,-151.0,-83.97,00:00:27:00,-1.04,741,202825.0,2024-01-22 05:45:00,67731.0,2024-01-22 05:45:00,16942.0,2024-01-22 05:00:00,4360.0,2024-01-22 04:00:00,844.0,2024-01-22
2024-01-19 14:46:00,2024-01-19 15:00:00,XAUUSD,Buy,0.53,2030.5,0.0,2028.1,2030.5,240.0,124.81,00:00:14:00,1.57,742,202634.0,2024-01-19 14:45:00,67667.0,2024-01-19 14:45:00,16926.0,2024-01-19 14:00:00,4355.0,2024-01-19 12:00:00,842.0,2024-01-19
2024-01-12 17:25:00,2024-01-12 17:32:00,XAUUSD,Buy,0.54,2042.0,0.0,2043.51,2042.0,-151.0,-83.97,00:00:07:00,-1.04,743,201233.0,2024-01-12 17:25:00,67199.0,2024-01-12 17:15:00,16809.0,2024-01-12 17:00:00,4325.0,2024-01-12 16:00:00,836.0,2024-01-12
2024-01-11 13:31:00,2024-01-11 13:34:00,XAUUSD,Buy,0.51,2034.0,0.0,2027.4,2034.0,660.0,334.3,00:00:03:00,4.34,744,200898.0,2024-01-11 13:30:00,67088.0,2024-01-11 13:30:00,16781.0,2024-01-11 13:00:00,4318.0,2024-01-11 12:00:00,835.0,2024-01-11
2024-01-05 17:10:00,2024-01-05 17:24:00,XAUUSD,Buy,0.51,2043.8,0.0,2042.8,2043.8,100.0,48.7,00:00:14:00,0.64,745,199779.0,2024-01-05 17:10:00,66714.0,2024-01-05 17:00:00,16688.0,2024-01-05 17:00:00,4294.0,2024-01-05 16:00:00,830.0,2024-01-05
2024-01-02 12:16:00,2024-01-02 12:20:00,XAUUSD,Buy,0.52,2065.11,0.0,2066.61,2065.11,-150.0,-80.34,00:00:04:00,-1.04,746,198856.0,2024-01-02 12:15:00,66407.0,2024-01-02 12:15:00,16611.0,2024-01-02 12:00:00,4275.0,2024-01-02 12:00:00,827.0,2024-01-02
2023-12-29 10:30:00,2023-12-29 11:25:00,XAUUSD,Buy,0.51,2065.5,0.0,2062.41,2065.5,309.0,155.29,00:00:55:00,2.05,747,198536.0,2023-12-29 10:30:00,66300.0,2023-12-29 10:30:00,16584.0,2023-12-29 10:00:00,4267.0,2023-12-29 08:00:00,825.0,2023-12-29
2023-12-22 16:07:00,2023-12-22 16:20:00,XAUUSD,Buy,0.51,2059.9,0.0,2059.61,2059.9,29.0,12.49,00:00:13:00,0.17,748,197440.0,2023-12-22 16:05:00,65934.0,2023-12-22 16:00:00,16493.0,2023-12-22 16:00:00,4244.0,2023-12-22 16:00:00,820.0,2023-12-22
2023-12-22 15:57:00,2023-12-22 16:02:00,XAUUSD,Buy,0.51,2058.87,0.0,2060.37,2058.87,-150.0,-78.8,00:00:05:00,-1.03,749,197438.0,2023-12-22 15:55:00,65933.0,2023-12-22 15:45:00,16492.0,2023-12-22 15:00:00,4243.0,2023-12-22 12:00:00,820.0,2023-12-22
2023-12-19 18:22:00,2023-12-19 23:25:00,XAUUSD,Buy,0.5,2039.6,0.0,2037.21,2039.6,239.0,77.65,00:05:03:00,1.03,750,196603.0,2023-12-19 18:20:00,65655.0,2023-12-19 18:15:00,16423.0,2023-12-19 18:00:00,4226.0,2023-12-19 16:00:00,817.0,2023-12-19
2023-12-15 18:29:00,2023-12-15 18:51:00,XAUUSD,Buy,0.51,2020.33,0.0,2021.84,2020.33,-151.0,-79.31,00:00:22:00,-1.04,751,196017.0,2023-12-15 18:25:00,65459.0,2023-12-15 18:15:00,16374.0,2023-12-15 18:00:00,4213.0,2023-12-15 16:00:00,814.0,2023-12-15
2023-12-15 13:40:00,2023-12-15 13:41:00,XAUUSD,Buy,0.51,2030.09,0.0,2031.6,2030.09,-151.0,-79.31,00:00:01:00,-1.03,752,195960.0,2023-12-15 13:40:00,65440.0,2023-12-15 13:30:00,16369.0,2023-12-15 13:00:00,4212.0,2023-12-15 12:00:00,814.0,2023-12-15
2023-12-14 18:19:00,2023-12-14 18:29:00,XAUUSD,Buy,0.52,2030.1,0.0,2031.61,2030.1,-151.0,-80.86,00:00:10:00,-1.04,753,195727.0,2023-12-14 18:15:00,65363.0,2023-12-14 18:15:00,16350.0,2023-12-14 18:00:00,4207.0,2023-12-14 16:00:00,813.0,2023-12-14
2023-12-14 15:37:00,2023-12-14 15:56:00,XAUUSD,Buy,0.51,2039.6,0.0,2037.91,2039.6,169.0,83.89,00:00:19:00,1.09,754,195695.0,2023-12-14 15:35:00,65352.0,2023-12-14 15:30:00,16347.0,2023-12-14 15:00:00,4206.0,2023-12-14 12:00:00,813.0,2023-12-14
2023-12-01 12:07:00,2023-12-01 12:48:00,XAUUSD,Buy,0.52,2035.7,0.0,2037.21,2035.7,-151.0,-80.86,00:00:41:00,-1.04,755,193039.0,2023-12-01 12:05:00,64466.0,2023-12-01 12:00:00,16126.0,2023-12-01 12:00:00,4150.0,2023-12-01 12:00:00,802.0,2023-12-01
2023-11-15 13:43:00,2023-11-15 13:58:00,XAUUSD,Buy,0.52,1965.4,0.0,1965.1,1965.4,30.0,13.26,00:00:15:00,0.17,756,189639.0,2023-11-15 13:40:00,63332.0,2023-11-15 13:30:00,15841.0,2023-11-15 13:00:00,4076.0,2023-11-15 12:00:00,788.0,2023-11-15
2023-11-07 13:18:00,2023-11-07 14:03:00,XAUUSD,Buy,0.49,1966.8,0.0,1958.11,1966.8,869.0,423.6,00:00:45:00,5.75,757,187895.0,2023-11-07 13:15:00,62751.0,2023-11-07 13:15:00,15696.0,2023-11-07 13:00:00,4039.0,2023-11-07 12:00:00,781.0,2023-11-07
2023-11-06 03:45:00,2023-11-06 05:31:00,XAUUSD,Buy,0.5,1982.5,0.0,1984.01,1982.5,-151.0,-77.75,00:01:46:00,-1.04,758,187493.0,2023-11-06 03:45:00,62617.0,2023-11-06 03:45:00,15662.0,2023-11-06 03:00:00,4030.0,2023-11-06 00:00:00,780.0,2023-11-06
2023-11-01 18:45:00,2023-11-01 18:46:00,XAUUSD,Buy,0.5,1970.6,0.0,1972.11,1970.6,-151.0,-77.75,00:00:01:00,-1.03,759,186810.0,2023-11-01 18:45:00,62389.0,2023-11-01 18:45:00,15605.0,2023-11-01 18:00:00,4015.0,2023-11-01 16:00:00,776.0,2023-11-01
2023-11-01 16:02:00,2023-11-01 16:17:00,XAUUSD,Buy,0.5,1978.0,0.0,1978.41,1978.0,-41.0,-22.75,00:00:15:00,-0.3,760,186777.0,2023-11-01 16:00:00,62378.0,2023-11-01 16:00:00,15603.0,2023-11-01 16:00:00,4015.0,2023-11-01 16:00:00,776.0,2023-11-01
2023-10-31 18:35:00,2023-10-31 19:24:00,XAUUSD,Buy,0.49,1985.0,0.0,1980.51,1985.0,449.0,217.8,00:00:49:00,2.97,761,186520.0,2023-10-31 18:35:00,62292.0,2023-10-31 18:30:00,15581.0,2023-10-31 18:00:00,4009.0,2023-10-31 16:00:00,775.0,2023-10-31
2023-10-20 17:59:00,2023-10-20 18:07:00,XAUUSD,Buy,0.49,1983.6,0.0,1982.61,1983.6,99.0,46.3,00:00:08:00,0.64,762,184474.0,2023-10-20 17:55:00,61609.0,2023-10-20 17:45:00,15410.0,2023-10-20 17:00:00,3965.0,2023-10-20 16:00:00,766.0,2023-10-20
2023-10-05 13:42:00,2023-10-05 13:47:00,XAUUSD,Buy,0.48,1815.6,0.0,1813.92,1815.6,168.0,78.48,00:00:05:00,1.09,763,181233.0,2023-10-05 13:40:00,60528.0,2023-10-05 13:30:00,15140.0,2023-10-05 13:00:00,3896.0,2023-10-05 12:00:00,753.0,2023-10-05
2023-10-03 00:23:00,2023-10-03 01:00:00,XAUUSD,Buy,0.47,1824.7,0.0,1820.92,1824.7,378.0,175.54,00:00:37:00,2.5,764,180497.0,2023-10-03 00:20:00,60283.0,2023-10-03 00:15:00,15079.0,2023-10-03 00:00:00,3881.0,2023-10-03 00:00:00,751.0,2023-10-03
2023-09-29 15:13:00,2023-09-29 15:18:00,XAUUSD,Buy,0.47,1860.71,0.0,1862.21,1860.71,-150.0,-72.62,00:00:05:00,-1.02,765,180088.0,2023-09-29 15:10:00,60146.0,2023-09-29 15:00:00,15045.0,2023-09-29 15:00:00,3871.0,2023-09-29 12:00:00,748.0,2023-09-29
2023-09-28 15:55:00,2023-09-28 15:58:00,XAUUSD,Buy,0.48,1865.61,0.0,1867.11,1865.61,-150.0,-74.16,00:00:03:00,-1.03,766,179809.0,2023-09-28 15:55:00,60053.0,2023-09-28 15:45:00,15021.0,2023-09-28 15:00:00,3865.0,2023-09-28 12:00:00,747.0,2023-09-28
2023-09-25 15:27:00,2023-09-25 15:50:00,XAUUSD,Buy,0.48,1917.1,0.0,1916.79,1917.1,31.0,12.72,00:00:23:00,0.18,767,178939.0,2023-09-25 15:25:00,59763.0,2023-09-25 15:15:00,14949.0,2023-09-25 15:00:00,3847.0,2023-09-25 12:00:00,744.0,2023-09-25
2023-09-01 14:53:00,2023-09-01 15:00:00,XAUUSD,Buy,0.47,1942.3,0.0,1941.31,1942.3,99.0,44.41,00:00:07:00,0.62,768,174297.0,2023-09-01 14:50:00,58214.0,2023-09-01 14:45:00,14561.0,2023-09-01 14:00:00,3747.0,2023-09-01 12:00:00,724.0,2023-09-01
2023-08-21 14:56:00,2023-08-21 15:15:00,XAUUSD,Buy,0.48,1888.01,0.0,1889.51,1888.01,-150.0,-74.16,00:00:19:00,-1.03,769,171695.0,2023-08-21 14:55:00,57346.0,2023-08-21 14:45:00,14344.0,2023-08-21 14:00:00,3692.0,2023-08-21 12:00:00,714.0,2023-08-21
2023-08-17 18:18:00,2023-08-17 18:30:00,XAUUSD,Buy,0.48,1885.21,0.0,1886.71,1885.21,-150.0,-74.16,00:00:12:00,-1.02,770,171148.0,2023-08-17 18:15:00,57164.0,2023-08-17 18:15:00,14299.0,2023-08-17 18:00:00,3680.0,2023-08-17 16:00:00,711.0,2023-08-17
2023-08-16 19:15:00,2023-08-16 19:30:00,XAUUSD,Buy,0.48,1897.5,0.0,1897.21,1897.5,29.0,11.76,00:00:15:00,0.16,771,170872.0,2023-08-16 19:15:00,57072.0,2023-08-16 19:15:00,14276.0,2023-08-16 19:00:00,3674.0,2023-08-16 16:00:00,710.0,2023-08-16
2023-08-07 06:14:00,2023-08-07 06:50:00,XAUUSD,Buy,0.49,1936.31,0.0,1937.81,1936.31,-150.0,-75.71,00:00:36:00,-1.03,772,168688.0,2023-08-07 06:10:00,56343.0,2023-08-07 06:00:00,14094.0,2023-08-07 06:00:00,3628.0,2023-08-07 04:00:00,702.0,2023-08-07
2023-08-02 15:29:00,2023-08-02 15:45:00,XAUUSD,Buy,0.49,1934.89,0.0,1936.39,1934.89,-150.0,-75.71,00:00:16:00,-1.02,773,167924.0,2023-08-02 15:25:00,56088.0,2023-08-02 15:15:00,14030.0,2023-08-02 15:00:00,3611.0,2023-08-02 12:00:00,698.0,2023-08-02
2023-07-25 12:25:00,2023-07-25 13:03:00,XAUUSD,Buy,0.47,1961.2,0.0,1953.91,1961.2,729.0,340.51,00:00:38:00,4.82,774,166149.0,2023-07-25 12:25:00,55496.0,2023-07-25 12:15:00,13882.0,2023-07-25 12:00:00,3574.0,2023-07-25 12:00:00,691.0,2023-07-25
2023-07-06 13:26:00,2023-07-06 13:30:00,XAUUSD,Buy,0.47,1909.4,0.0,1908.41,1909.4,99.0,44.41,00:00:04:00,0.63,775,162384.0,2023-07-06 13:25:00,54240.0,2023-07-06 13:15:00,13568.0,2023-07-06 13:00:00,3493.0,2023-07-06 12:00:00,675.0,2023-07-06
2023-07-06 13:24:00,2023-07-06 13:25:00,XAUUSD,Buy,0.47,1908.29,0.0,1909.79,1908.29,-150.0,-72.62,00:00:01:00,-1.02,776,162383.0,2023-07-06 13:20:00,54240.0,2023-07-06 13:15:00,13568.0,2023-07-06 13:00:00,3493.0,2023-07-06 12:00:00,675.0,2023-07-06
2023-07-04 02:10:00,2023-07-04 02:48:00,XAUUSD,Buy,0.47,1922.7,0.0,1920.31,1922.7,239.0,110.21,00:00:38:00,1.58,777,161691.0,2023-07-04 02:10:00,54009.0,2023-07-04 02:00:00,13510.0,2023-07-04 02:00:00,3478.0,2023-07-04 00:00:00,673.0,2023-07-04
2023-06-29 13:44:00,2023-06-29 13:50:00,XAUUSD,Buy,0.47,1898.51,0.0,1900.01,1898.51,-150.0,-72.62,00:00:06:00,-1.03,778,160954.0,2023-06-29 13:40:00,53763.0,2023-06-29 13:30:00,13448.0,2023-06-29 13:00:00,3462.0,2023-06-29 12:00:00,669.0,2023-06-29
2023-06-29 04:38:00,2023-06-29 08:02:00,XAUUSD,Buy,0.47,1903.1,0.0,1903.51,1903.1,-41.0,-21.39,00:03:24:00,-0.3,779,160845.0,2023-06-29 04:35:00,53727.0,2023-06-29 04:30:00,13439.0,2023-06-29 04:00:00,3460.0,2023-06-29 04:00:00,669.0,2023-06-29
2023-06-27 15:06:00,2023-06-27 15:12:00,XAUUSD,Buy,0.48,1915.99,0.0,1917.49,1915.99,-150.0,-74.16,00:00:06:00,-1.04,780,160395.0,2023-06-27 15:05:00,53577.0,2023-06-27 15:00:00,13402.0,2023-06-27 15:00:00,3450.0,2023-06-27 12:00:00,667.0,2023-06-27
2023-06-22 14:11:00,2023-06-22 14:50:00,XAUUSD,Buy,0.46,1925.5,0.0,1919.61,1925.5,589.0,268.87,00:00:39:00,3.91,781,159509.0,2023-06-22 14:10:00,53281.0,2023-06-22 14:00:00,13328.0,2023-06-22 14:00:00,3431.0,2023-06-22 12:00:00,663.0,2023-06-22
2023-06-13 16:41:00,2023-06-13 16:54:00,XAUUSD,Buy,0.46,1942.61,0.0,1944.11,1942.61,-150.0,-71.07,00:00:13:00,-1.02,782,157530.0,2023-06-13 16:40:00,52621.0,2023-06-13 16:30:00,13162.0,2023-06-13 16:00:00,3389.0,2023-06-13 16:00:00,655.0,2023-06-13
2023-06-09 13:57:00,2023-06-09 14:31:00,XAUUSD,Buy,0.47,1962.2,0.0,1963.71,1962.2,-151.0,-73.09,00:00:34:00,-1.04,783,156910.0,2023-06-09 13:55:00,52414.0,2023-06-09 13:45:00,13110.0,2023-06-09 13:00:00,3375.0,2023-06-09 12:00:00,652.0,2023-06-09
2023-06-07 16:59:00,2023-06-07 17:02:00,XAUUSD,Buy,0.47,1946.19,0.0,1947.69,1946.19,-150.0,-72.62,00:00:03:00,-1.02,784,156370.0,2023-06-07 16:55:00,52234.0,2023-06-07 16:45:00,13065.0,2023-06-07 16:00:00,3364.0,2023-06-07 16:00:00,650.0,2023-06-07
2023-06-07 15:39:00,2023-06-07 16:01:00,XAUUSD,Buy,0.47,1957.0,0.0,1957.41,1957.0,-41.0,-21.39,00:00:22:00,-0.3,785,156354.0,2023-06-07 15:35:00,52229.0,2023-06-07 15:30:00,13064.0,2023-06-07 15:00:00,3363.0,2023-06-07 12:00:00,650.0,2023-06-07
2023-06-02 14:51:00,2023-06-02 15:05:00,XAUUSD,Buy,0.47,1964.7,0.0,1963.01,1964.7,169.0,77.31,00:00:14:00,1.1,786,155470.0,2023-06-02 14:50:00,51934.0,2023-06-02 14:45:00,12990.0,2023-06-02 14:00:00,3344.0,2023-06-02 12:00:00,646.0,2023-06-02
2023-06-01 09:17:00,2023-06-01 09:37:00,XAUUSD,Buy,0.47,1953.8,0.0,1955.31,1953.8,-151.0,-73.09,00:00:20:00,-1.03,787,155115.0,2023-06-01 09:15:00,51816.0,2023-06-01 09:15:00,12961.0,2023-06-01 09:00:00,3337.0,2023-06-01 08:00:00,645.0,2023-06-01
2023-05-26 15:39:00,2023-05-26 15:42:00,XAUUSD,Buy,0.48,1941.21,0.0,1942.71,1941.21,-150.0,-74.16,00:00:03:00,-1.03,788,154046.0,2023-05-26 15:35:00,51459.0,2023-05-26 15:30:00,12871.0,2023-05-26 15:00:00,3313.0,2023-05-26 12:00:00,640.0,2023-05-26
2023-05-25 13:42:00,2023-05-25 13:44:00,XAUUSD,Buy,0.48,1939.79,0.0,1941.29,1939.79,-150.0,-74.16,00:00:02:00,-1.02,789,153735.0,2023-05-25 13:40:00,51355.0,2023-05-25 13:30:00,12845.0,2023-05-25 13:00:00,3307.0,2023-05-25 12:00:00,639.0,2023-05-25
2023-05-23 02:08:00,2023-05-23 02:27:00,XAUUSD,Buy,0.49,1965.07,0.0,1966.58,1965.07,-151.0,-76.2,00:00:19:00,-1.04,790,153020.0,2023-05-23 02:05:00,51117.0,2023-05-23 02:00:00,12786.0,2023-05-23 02:00:00,3292.0,2023-05-23 00:00:00,637.0,2023-05-23
2023-05-23 02:00:00,2023-05-23 02:02:00,XAUUSD,Buy,0.49,1967.09,0.0,1968.6,1967.09,-151.0,-76.2,00:00:02:00,-1.03,791,153019.0,2023-05-23 02:00:00,51117.0,2023-05-23 02:00:00,12786.0,2023-05-23 02:00:00,3292.0,2023-05-23 00:00:00,637.0,2023-05-23
2023-05-16 07:38:00,2023-05-16 07:39:00,XAUUSD,Buy,0.5,2003.57,0.0,2005.08,2003.57,-151.0,-77.75,00:00:01:00,-1.04,792,151635.0,2023-05-16 07:35:00,50655.0,2023-05-16 07:30:00,12670.0,2023-05-16 07:00:00,3262.0,2023-05-16 04:00:00,631.0,2023-05-16
2023-05-10 14:11:00,2023-05-10 14:15:00,XAUUSD,Buy,0.5,2037.1,0.0,2038.61,2037.1,-151.0,-77.75,00:00:04:00,-1.03,793,150551.0,2023-05-10 14:10:00,50293.0,2023-05-10 14:00:00,12580.0,2023-05-10 14:00:00,3239.0,2023-05-10 12:00:00,626.0,2023-05-10
2023-05-01 15:03:00,2023-05-01 15:07:00,XAUUSD,Buy,0.51,1988.09,0.0,1989.6,1988.09,-151.0,-79.31,00:00:04:00,-1.04,794,148534.0,2023-05-01 15:00:00,49621.0,2023-05-01 15:00:00,12412.0,2023-05-01 15:00:00,3196.0,2023-05-01 12:00:00,618.0,2023-05-01
2023-05-01 03:18:00,2023-05-01 05:33:00,XAUUSD,Buy,0.5,1984.3,0.0,1981.91,1984.3,239.0,117.25,00:02:15:00,1.56,795,148393.0,2023-05-01 03:15:00,49574.0,2023-05-01 03:15:00,12400.0,2023-05-01 03:00:00,3193.0,2023-05-01 00:00:00,618.0,2023-05-01
2023-04-25 12:07:00,2023-04-25 12:30:00,XAUUSD,Buy,0.5,1982.2,0.0,1980.51,1982.2,169.0,82.25,00:00:23:00,1.1,796,147336.0,2023-04-25 12:05:00,49221.0,2023-04-25 12:00:00,12312.0,2023-04-25 12:00:00,3171.0,2023-04-25 12:00:00,613.0,2023-04-25
2023-04-21 14:53:00,2023-04-21 14:55:00,XAUUSD,Buy,0.5,1972.7,0.0,1974.21,1972.7,-151.0,-77.75,00:00:02:00,-1.03,797,146782.0,2023-04-21 14:50:00,49036.0,2023-04-21 14:45:00,12265.0,2023-04-21 14:00:00,3158.0,2023-04-21 12:00:00,610.0,2023-04-21
2023-04-21 14:47:00,2023-04-21 14:48:00,XAUUSD,Buy,0.51,1986.0,0.0,1987.51,1986.0,-151.0,-79.31,00:00:01:00,-1.04,798,146781.0,2023-04-21 14:45:00,49036.0,2023-04-21 14:45:00,12265.0,2023-04-21 14:00:00,3158.0,2023-04-21 12:00:00,610.0,2023-04-21
2023-04-18 14:33:00,2023-04-18 14:39:00,XAUUSD,Buy,0.5,1995.5,0.0,1993.11,1995.5,239.0,117.25,00:00:06:00,1.57,799,145914.0,2023-04-18 14:30:00,48747.0,2023-04-18 14:30:00,12193.0,2023-04-18 14:00:00,3140.0,2023-04-18 12:00:00,607.0,2023-04-18
2023-04-14 15:24:00,2023-04-14 15:31:00,XAUUSD,Buy,0.5,2008.1,0.0,2008.51,2008.1,-41.0,-22.75,00:00:07:00,-0.3,800,145337.0,2023-04-14 15:20:00,48554.0,2023-04-14 15:15:00,12145.0,2023-04-14 15:00:00,3127.0,2023-04-14 12:00:00,604.0,2023-04-14
2023-04-14 12:32:00,2023-04-14 13:28:00,XAUUSD,Buy,0.49,2036.8,0.0,2033.01,2036.8,379.0,183.5,00:00:56:00,2.5,801,145303.0,2023-04-14 12:30:00,48543.0,2023-04-14 12:30:00,12142.0,2023-04-14 12:00:00,3127.0,2023-04-14 12:00:00,604.0,2023-04-14
2023-04-13 15:50:00,2023-04-13 16:55:00,XAUUSD,Buy,0.47,2040.3,0.0,2034.41,2040.3,589.0,274.71,00:01:05:00,3.89,802,145055.0,2023-04-13 15:50:00,48460.0,2023-04-13 15:45:00,12121.0,2023-04-13 15:00:00,3121.0,2023-04-13 12:00:00,603.0,2023-04-13
2023-04-10 13:58:00,2023-04-10 14:00:00,XAUUSD,Buy,0.48,1988.8,0.0,1990.31,1988.8,-151.0,-74.64,00:00:02:00,-1.05,803,144168.0,2023-04-10 13:55:00,48164.0,2023-04-10 13:45:00,12047.0,2023-04-10 13:00:00,3103.0,2023-04-10 12:00:00,600.0,2023-04-10
2023-04-06 14:49:00,2023-04-06 14:54:00,XAUUSD,Buy,0.47,2006.7,0.0,2005.01,2006.7,169.0,77.31,00:00:05:00,1.1,804,143878.0,2023-04-06 14:45:00,48068.0,2023-04-06 14:45:00,12023.0,2023-04-06 14:00:00,3096.0,2023-04-06 12:00:00,598.0,2023-04-06
2023-04-06 02:36:00,2023-04-06 02:59:00,XAUUSD,Buy,0.47,2013.0,0.0,2013.41,2013.0,-41.0,-21.39,00:00:23:00,-0.3,805,143732.0,2023-04-06 02:35:00,48019.0,2023-04-06 02:30:00,12011.0,2023-04-06 02:00:00,3093.0,2023-04-06 00:00:00,598.0,2023-04-06
2023-04-03 04:22:00,2023-04-03 06:32:00,XAUUSD,Buy,0.47,1952.1,0.0,1951.8,1952.1,30.0,11.98,00:02:10:00,0.17,806,142889.0,2023-04-03 04:20:00,47738.0,2023-04-03 04:15:00,11941.0,2023-04-03 04:00:00,3076.0,2023-04-03 04:00:00,595.0,2023-04-03
2023-03-31 18:42:00,2023-03-31 18:55:00,XAUUSD,Buy,0.48,1967.1,0.0,1968.61,1967.1,-151.0,-74.64,00:00:13:00,-1.05,807,142763.0,2023-03-31 18:40:00,47695.0,2023-03-31 18:30:00,11930.0,2023-03-31 18:00:00,3072.0,2023-03-31 16:00:00,593.0,2023-03-31
2023-03-31 09:02:00,2023-03-31 09:22:00,XAUUSD,Buy,0.47,1976.6,0.0,1975.61,1976.6,99.0,44.41,00:00:20:00,0.63,808,142647.0,2023-03-31 09:00:00,47657.0,2023-03-31 09:00:00,11921.0,2023-03-31 09:00:00,3070.0,2023-03-31 08:00:00,593.0,2023-03-31
2023-03-29 07:31:00,2023-03-29 08:01:00,XAUUSD,Buy,0.47,1960.5,0.0,1960.91,1960.5,-41.0,-21.39,00:00:30:00,-0.3,809,142053.0,2023-03-29 07:30:00,47459.0,2023-03-29 07:30:00,11871.0,2023-03-29 07:00:00,3057.0,2023-03-29 04:00:00,591.0,2023-03-29
2023-03-27 10:24:00,2023-03-27 10:30:00,XAUUSD,Buy,0.47,1964.0,0.0,1962.31,1964.0,169.0,77.31,00:00:06:00,1.1,810,141511.0,2023-03-27 10:20:00,47278.0,2023-03-27 10:15:00,11826.0,2023-03-27 10:00:00,3046.0,2023-03-27 08:00:00,589.0,2023-03-27
2023-03-23 19:00:00,2023-03-23 19:09:00,XAUUSD,Buy,0.45,1997.6,0.0,1990.3,1997.6,730.0,326.47,00:00:09:00,4.87,811,141029.0,2023-03-23 19:00:00,47117.0,2023-03-23 19:00:00,11786.0,2023-03-23 19:00:00,3035.0,2023-03-23 16:00:00,586.0,2023-03-23
2023-03-21 13:49:00,2023-03-21 13:54:00,XAUUSD,Buy,0.44,1954.9,0.0,1953.21,1954.9,169.0,72.38,00:00:05:00,1.09,812,140390.0,2023-03-21 13:45:00,46904.0,2023-03-21 13:45:00,11732.0,2023-03-21 13:00:00,3022.0,2023-03-21 12:00:00,584.0,2023-03-21
2023-03-20 14:12:00,2023-03-20 14:21:00,XAUUSD,Buy,0.43,1972.4,0.0,1967.9,1972.4,450.0,191.56,00:00:09:00,2.97,813,140107.0,2023-03-20 14:10:00,46809.0,2023-03-20 14:00:00,11709.0,2023-03-20 14:00:00,3016.0,2023-03-20 12:00:00,583.0,2023-03-20
2023-03-20 01:02:00,2023-03-20 01:08:00,XAUUSD,Buy,0.43,1968.9,0.0,1969.31,1968.9,-41.0,-19.57,00:00:06:00,-0.3,814,139949.0,2023-03-20 01:00:00,46757.0,2023-03-20 01:00:00,11696.0,2023-03-20 01:00:00,3013.0,2023-03-20 00:00:00,583.0,2023-03-20
2023-03-16 01:07:00,2023-03-16 01:24:00,XAUUSD,Buy,0.42,1912.2,0.0,1909.79,1912.2,241.0,99.33,00:00:17:00,1.56,815,139364.0,2023-03-16 01:05:00,46561.0,2023-03-16 01:00:00,11647.0,2023-03-16 01:00:00,3000.0,2023-03-16 00:00:00,580.0,2023-03-16
2023-03-15 17:17:00,2023-03-15 17:21:00,XAUUSD,Buy,0.43,1924.41,0.0,1925.91,1924.41,-150.0,-66.44,00:00:04:00,-1.03,816,139270.0,2023-03-15 17:15:00,46530.0,2023-03-15 17:15:00,11639.0,2023-03-15 17:00:00,2998.0,2023-03-15 16:00:00,579.0,2023-03-15
2023-02-15 07:01:00,2023-02-15 07:31:00,XAUUSD,Buy,0.43,1842.2,0.0,1842.62,1842.2,-42.0,-20.0,00:00:30:00,-0.31,817,133356.0,2023-02-15 07:00:00,44556.0,2023-02-15 07:00:00,11145.0,2023-02-15 07:00:00,2871.0,2023-02-15 04:00:00,555.0,2023-02-15
2023-02-15 03:08:00,2023-02-15 03:38:00,XAUUSD,Buy,0.43,1849.9,0.0,1850.31,1849.9,-41.0,-19.57,00:00:30:00,-0.3,818,133309.0,2023-02-15 03:05:00,44540.0,2023-02-15 03:00:00,11141.0,2023-02-15 03:00:00,2870.0,2023-02-15 00:00:00,555.0,2023-02-15
2023-02-14 14:31:00,2023-02-14 14:32:00,XAUUSD,Buy,0.44,1843.88,0.0,1845.38,1843.88,-150.0,-67.98,00:00:01:00,-1.04,819,133158.0,2023-02-14 14:30:00,44490.0,2023-02-14 14:30:00,11128.0,2023-02-14 14:00:00,2867.0,2023-02-14 12:00:00,554.0,2023-02-14
2023-02-03 15:10:00,2023-02-03 15:19:00,XAUUSD,Buy,0.42,1877.9,0.0,1870.61,1877.9,729.0,304.29,00:00:09:00,4.88,820,131130.0,2023-02-03 15:10:00,43812.0,2023-02-03 15:00:00,10959.0,2023-02-03 15:00:00,2823.0,2023-02-03 12:00:00,545.0,2023-02-03
2023-02-02 14:51:00,2023-02-02 14:52:00,XAUUSD,Buy,0.42,1929.99,0.0,1931.49,1929.99,-150.0,-64.89,00:00:01:00,-1.03,821,130838.0,2023-02-02 14:50:00,43715.0,2023-02-02 14:45:00,10934.0,2023-02-02 14:00:00,2817.0,2023-02-02 12:00:00,544.0,2023-02-02
2023-01-31 08:43:00,2023-01-31 09:32:00,XAUUSD,Buy,0.42,1905.2,0.0,1905.61,1905.2,-41.0,-19.11,00:00:49:00,-0.3,822,130188.0,2023-01-31 08:40:00,43498.0,2023-01-31 08:30:00,10880.0,2023-01-31 08:00:00,2804.0,2023-01-31 08:00:00,542.0,2023-01-31
2023-01-30 08:32:00,2023-01-30 11:13:00,XAUUSD,Buy,0.4,1929.0,0.0,1921.71,1929.0,729.0,289.8,00:02:41:00,4.81,823,129898.0,2023-01-30 08:30:00,43402.0,2023-01-30 08:30:00,10856.0,2023-01-30 08:00:00,2798.0,2023-01-30 08:00:00,541.0,2023-01-30
2023-01-27 04:29:00,2023-01-27 06:13:00,XAUUSD,Buy,0.4,1924.1,0.0,1921.69,1924.1,241.0,94.6,00:01:44:00,1.59,824,129551.0,2023-01-27 04:25:00,43285.0,2023-01-27 04:15:00,10827.0,2023-01-27 04:00:00,2790.0,2023-01-27 04:00:00,539.0,2023-01-27
2023-01-24 15:08:00,2023-01-24 15:18:00,XAUUSD,Buy,0.37,1927.6,0.0,1918.89,1927.6,871.0,320.6,00:00:10:00,5.71,825,128815.0,2023-01-24 15:05:00,43040.0,2023-01-24 15:00:00,10766.0,2023-01-24 15:00:00,2774.0,2023-01-24 12:00:00,536.0,2023-01-24
2023-01-23 07:17:00,2023-01-23 07:38:00,XAUUSD,Buy,0.38,1920.21,0.0,1921.71,1920.21,-150.0,-58.71,00:00:21:00,-1.03,826,128433.0,2023-01-23 07:15:00,42913.0,2023-01-23 07:15:00,10734.0,2023-01-23 07:00:00,2766.0,2023-01-23 04:00:00,535.0,2023-01-23
2023-01-12 14:45:00,2023-01-12 14:46:00,XAUUSD,Buy,0.38,1884.9,0.0,1883.91,1884.9,99.0,35.91,00:00:01:00,0.64,827,126505.0,2023-01-12 14:45:00,42269.0,2023-01-12 14:45:00,10572.0,2023-01-12 14:00:00,2724.0,2023-01-12 12:00:00,526.0,2023-01-12
2023-01-11 12:28:00,2023-01-11 13:36:00,XAUUSD,Buy,0.38,1876.5,0.0,1876.91,1876.5,-41.0,-17.29,00:01:08:00,-0.31,828,126189.0,2023-01-11 12:25:00,42163.0,2023-01-11 12:15:00,10546.0,2023-01-11 12:00:00,2718.0,2023-01-11 12:00:00,525.0,2023-01-11
2023-01-05 14:03:00,2023-01-05 14:18:00,XAUUSD,Buy,0.37,1835.2,0.0,1833.52,1835.2,168.0,60.49,00:00:15:00,1.08,829,125046.0,2023-01-05 14:00:00,41782.0,2023-01-05 14:00:00,10451.0,2023-01-05 14:00:00,2693.0,2023-01-05 12:00:00,520.0,2023-01-05
2023-01-05 08:19:00,2023-01-05 08:33:00,XAUUSD,Buy,0.37,1847.1,0.0,1845.42,1847.1,168.0,60.49,00:00:14:00,1.09,830,124977.0,2023-01-05 08:15:00,41759.0,2023-01-05 08:15:00,10445.0,2023-01-05 08:00:00,2692.0,2023-01-05 08:00:00,520.0,2023-01-05
2023-01-03 15:19:00,2023-01-03 15:21:00,XAUUSD,Buy,0.37,1836.92,0.0,1838.42,1836.92,-150.0,-57.17,00:00:02:00,-1.02,831,124485.0,2023-01-03 15:15:00,41595.0,2023-01-03 15:15:00,10404.0,2023-01-03 15:00:00,2681.0,2023-01-03 12:00:00,518.0,2023-01-03
2022-12-28 09:15:00,2022-12-28 10:31:00,XAUUSD,Buy,0.37,1803.7,0.0,1800.62,1803.7,308.0,112.29,00:01:16:00,2.05,832,123539.0,2022-12-28 09:15:00,41279.0,2022-12-28 09:15:00,10325.0,2022-12-28 09:00:00,2661.0,2022-12-28 08:00:00,514.0,2022-12-28
2022-12-22 18:02:00,2022-12-22 18:20:00,XAUUSD,Buy,0.36,1789.0,0.0,1788.72,1789.0,28.0,8.46,00:00:18:00,0.15,833,122770.0,2022-12-22 18:00:00,41022.0,2022-12-22 18:00:00,10261.0,2022-12-22 18:00:00,2644.0,2022-12-22 16:00:00,510.0,2022-12-22
2022-12-22 14:40:00,2022-12-22 15:01:00,XAUUSD,Buy,0.36,1800.9,0.0,1799.92,1800.9,98.0,33.66,00:00:21:00,0.62,834,122730.0,2022-12-22 14:40:00,41008.0,2022-12-22 14:30:00,10257.0,2022-12-22 14:00:00,2643.0,2022-12-22 12:00:00,510.0,2022-12-22
2022-12-19 16:07:00,2022-12-19 18:02:00,XAUUSD,Buy,0.35,1789.0,0.0,1784.52,1789.0,448.0,155.22,00:01:55:00,2.94,835,121883.0,2022-12-19 16:05:00,40726.0,2022-12-19 16:00:00,10187.0,2022-12-19 16:00:00,2626.0,2022-12-19 16:00:00,507.0,2022-12-19
2022-12-12 03:03:00,2022-12-12 04:42:00,XAUUSD,Buy,0.36,1786.52,0.0,1788.02,1786.52,-150.0,-55.62,00:01:39:00,-1.04,836,120276.0,2022-12-12 03:00:00,40190.0,2022-12-12 03:00:00,10053.0,2022-12-12 03:00:00,2591.0,2022-12-12 00:00:00,501.0,2022-12-12
2022-12-05 17:36:00,2022-12-05 18:29:00,XAUUSD,Buy,0.36,1768.32,0.0,1769.82,1768.32,-150.0,-55.62,00:00:53:00,-1.03,837,119001.0,2022-12-05 17:35:00,39764.0,2022-12-05 17:30:00,9946.0,2022-12-05 17:00:00,2564.0,2022-12-05 16:00:00,495.0,2022-12-05
2022-11-30 15:02:00,2022-11-30 15:05:00,XAUUSD,Buy,0.36,1752.22,0.0,1753.72,1752.22,-150.0,-55.62,00:00:03:00,-1.02,838,118096.0,2022-11-30 15:00:00,39462.0,2022-11-30 15:00:00,9871.0,2022-11-30 15:00:00,2544.0,2022-11-30 12:00:00,491.0,2022-11-30
2022-11-17 02:53:00,2022-11-17 03:10:00,XAUUSD,Buy,0.37,1765.52,0.0,1767.02,1765.52,-150.0,-57.17,00:00:17:00,-1.04,839,115411.0,2022-11-17 02:50:00,38566.0,2022-11-17 02:45:00,9645.0,2022-11-17 02:00:00,2485.0,2022-11-17 00:00:00,480.0,2022-11-17
2022-11-09 19:02:00,2022-11-09 19:36:00,XAUUSD,Buy,0.37,1703.23,0.0,1704.73,1703.23,-150.0,-57.17,00:00:34:00,-1.03,840,113867.0,2022-11-09 19:00:00,38051.0,2022-11-09 19:00:00,9517.0,2022-11-09 19:00:00,2452.0,2022-11-09 16:00:00,473.0,2022-11-09
2022-11-02 19:26:00,2022-11-02 19:30:00,XAUUSD,Buy,0.37,1638.5,0.0,1637.54,1638.5,96.0,33.85,00:00:04:00,0.61,841,112434.0,2022-11-02 19:25:00,37572.0,2022-11-02 19:15:00,9397.0,2022-11-02 19:00:00,2421.0,2022-11-02 16:00:00,467.0,2022-11-02
2022-11-02 19:24:00,2022-11-02 19:24:00,XAUUSD,Buy,0.37,1637.36,0.0,1638.86,1637.36,-150.0,-57.17,00:00:00:00,-1.02,842,112433.0,2022-11-02 19:20:00,37572.0,2022-11-02 19:15:00,9397.0,2022-11-02 19:00:00,2421.0,2022-11-02 16:00:00,467.0,2022-11-02
2022-11-02 14:52:00,2022-11-02 15:10:00,XAUUSD,Buy,0.38,1647.24,0.0,1648.74,1647.24,-150.0,-58.71,00:00:18:00,-1.04,843,112379.0,2022-11-02 14:50:00,37554.0,2022-11-02 14:45:00,9392.0,2022-11-02 14:00:00,2420.0,2022-11-02 12:00:00,467.0,2022-11-02
2022-10-28 08:32:00,2022-10-28 09:05:00,XAUUSD,Buy,0.38,1650.73,0.0,1652.23,1650.73,-150.0,-58.71,00:00:33:00,-1.03,844,111429.0,2022-10-28 08:30:00,37237.0,2022-10-28 08:30:00,9313.0,2022-10-28 08:00:00,2400.0,2022-10-28 08:00:00,463.0,2022-10-28
2022-10-25 11:18:00,2022-10-25 12:03:00,XAUUSD,Buy,0.38,1639.9,0.0,1639.64,1639.9,26.0,8.17,00:00:45:00,0.14,845,110598.0,2022-10-25 11:15:00,36960.0,2022-10-25 11:15:00,9244.0,2022-10-25 11:00:00,2382.0,2022-10-25 08:00:00,460.0,2022-10-25
2022-10-20 20:39:00,2022-10-21 00:14:00,XAUUSD,Buy,0.39,1625.46,0.0,1626.96,1625.46,-150.0,-91.15,00:03:35:00,-1.58,846,109836.0,2022-10-20 20:35:00,36705.0,2022-10-20 20:30:00,9180.0,2022-10-20 20:00:00,2366.0,2022-10-20 20:00:00,456.0,2022-10-20
2022-10-19 12:05:00,2022-10-19 13:02:00,XAUUSD,Buy,0.39,1633.6,0.0,1633.34,1633.6,26.0,8.38,00:00:57:00,0.15,847,109446.0,2022-10-19 12:05:00,36575.0,2022-10-19 12:00:00,9148.0,2022-10-19 12:00:00,2358.0,2022-10-19 12:00:00,455.0,2022-10-19
2022-10-14 14:32:00,2022-10-14 14:33:00,XAUUSD,Buy,0.39,1652.83,0.0,1654.33,1652.83,-150.0,-60.26,00:00:01:00,-1.03,848,108601.0,2022-10-14 14:30:00,36293.0,2022-10-14 14:30:00,9077.0,2022-10-14 14:00:00,2339.0,2022-10-14 12:00:00,451.0,2022-10-14
2022-10-14 10:38:00,2022-10-14 11:10:00,XAUUSD,Buy,0.38,1653.9,0.0,1652.17,1653.9,173.0,64.03,00:00:32:00,1.11,849,108554.0,2022-10-14 10:35:00,36277.0,2022-10-14 10:30:00,9073.0,2022-10-14 10:00:00,2338.0,2022-10-14 08:00:00,451.0,2022-10-14
2022-10-13 13:47:00,2022-10-13 13:47:00,XAUUSD,Buy,0.39,1645.06,0.0,1646.56,1645.06,-150.0,-60.26,00:00:00:00,-1.03,850,108304.0,2022-10-13 13:45:00,36194.0,2022-10-13 13:45:00,9052.0,2022-10-13 13:00:00,2333.0,2022-10-13 12:00:00,450.0,2022-10-13
2022-10-11 20:00:00,2022-10-11 20:10:00,XAUUSD,Buy,0.39,1664.67,0.0,1666.17,1664.67,-150.0,-60.26,00:00:10:00,-1.02,851,107803.0,2022-10-11 20:00:00,36027.0,2022-10-11 20:00:00,9011.0,2022-10-11 20:00:00,2323.0,2022-10-11 20:00:00,448.0,2022-10-11
2022-10-10 16:05:00,2022-10-10 16:33:00,XAUUSD,Buy,0.39,1667.2,0.0,1666.23,1667.2,97.0,36.07,00:00:28:00,0.62,852,107468.0,2022-10-10 16:05:00,35915.0,2022-10-10 16:00:00,8983.0,2022-10-10 16:00:00,2316.0,2022-10-10 16:00:00,447.0,2022-10-10
2022-10-10 05:30:00,2022-10-10 06:33:00,XAUUSD,Buy,0.39,1687.5,0.0,1687.17,1687.5,33.0,11.11,00:01:03:00,0.19,853,107341.0,2022-10-10 05:30:00,35873.0,2022-10-10 05:30:00,8972.0,2022-10-10 05:00:00,2313.0,2022-10-10 04:00:00,447.0,2022-10-10
2022-10-05 15:04:00,2022-10-05 15:13:00,XAUUSD,Buy,0.38,1706.4,0.0,1701.23,1706.4,517.0,194.75,00:00:09:00,3.45,854,106581.0,2022-10-05 15:00:00,35619.0,2022-10-05 15:00:00,8909.0,2022-10-05 15:00:00,2296.0,2022-10-05 12:00:00,443.0,2022-10-05
2022-10-05 11:23:00,2022-10-05 12:08:00,XAUUSD,Buy,0.36,1711.3,0.0,1705.37,1711.3,593.0,211.86,00:00:45:00,3.89,855,106537.0,2022-10-05 11:20:00,35604.0,2022-10-05 11:15:00,8905.0,2022-10-05 11:00:00,2295.0,2022-10-05 08:00:00,443.0,2022-10-05
2022-09-30 18:22:00,2022-09-30 18:34:00,XAUUSD,Buy,0.37,1662.63,0.0,1664.13,1662.63,-150.0,-57.17,00:00:12:00,-1.04,856,105747.0,2022-09-30 18:20:00,35340.0,2022-09-30 18:15:00,8839.0,2022-09-30 18:00:00,2278.0,2022-09-30 16:00:00,439.0,2022-09-30
2022-09-30 17:39:00,2022-09-30 17:42:00,XAUUSD,Buy,0.37,1664.73,0.0,1666.23,1664.73,-150.0,-57.17,00:00:03:00,-1.03,857,105738.0,2022-09-30 17:35:00,35337.0,2022-09-30 17:30:00,8838.0,2022-09-30 17:00:00,2278.0,2022-09-30 16:00:00,439.0,2022-09-30
2022-09-23 14:40:00,2022-09-23 14:45:00,XAUUSD,Buy,0.37,1646.54,0.0,1648.04,1646.54,-150.0,-57.17,00:00:05:00,-1.02,858,104253.0,2022-09-23 14:40:00,34841.0,2022-09-23 14:30:00,8714.0,2022-09-23 14:00:00,2246.0,2022-09-23 12:00:00,433.0,2022-09-23
2022-09-23 11:58:00,2022-09-23 12:12:00,XAUUSD,Buy,0.37,1644.1,0.0,1643.06,1644.1,104.0,36.81,00:00:14:00,0.66,859,104220.0,2022-09-23 11:55:00,34830.0,2022-09-23 11:45:00,8711.0,2022-09-23 11:00:00,2245.0,2022-09-23 08:00:00,433.0,2022-09-23
2022-09-23 10:53:00,2022-09-23 10:57:00,XAUUSD,Buy,0.36,1660.2,0.0,1653.63,1660.2,657.0,234.9,00:00:04:00,4.4,860,104207.0,2022-09-23 10:50:00,34826.0,2022-09-23 10:45:00,8710.0,2022-09-23 10:00:00,2245.0,2022-09-23 08:00:00,433.0,2022-09-23
2022-09-23 10:51:00,2022-09-23 10:52:00,XAUUSD,Buy,0.36,1653.47,0.0,1654.97,1653.47,-150.0,-55.62,00:00:01:00,-1.03,861,104207.0,2022-09-23 10:50:00,34826.0,2022-09-23 10:45:00,8710.0,2022-09-23 10:00:00,2245.0,2022-09-23 08:00:00,433.0,2022-09-23
2022-09-22 01:24:00,2022-09-22 01:27:00,XAUUSD,Buy,0.36,1661.93,0.0,1663.43,1661.93,-150.0,-55.62,00:00:03:00,-1.02,862,103805.0,2022-09-22 01:20:00,34692.0,2022-09-22 01:15:00,8677.0,2022-09-22 01:00:00,2237.0,2022-09-22 00:00:00,432.0,2022-09-22
2022-08-24 12:05:00,2022-08-24 13:15:00,XAUUSD,Buy,0.36,1745.6,0.0,1743.93,1745.6,167.0,58.5,00:01:10:00,1.08,863,97860.0,2022-08-24 12:05:00,32707.0,2022-08-24 12:00:00,8180.0,2022-08-24 12:00:00,2110.0,2022-08-24 12:00:00,407.0,2022-08-24
2022-08-22 09:31:00,2022-08-22 09:45:00,XAUUSD,Buy,0.36,1733.33,0.0,1734.83,1733.33,-150.0,-55.62,00:00:14:00,-1.02,864,97253.0,2022-08-22 09:30:00,32505.0,2022-08-22 09:30:00,8129.0,2022-08-22 09:00:00,2097.0,2022-08-22 08:00:00,405.0,2022-08-22
2022-08-17 17:39:00,2022-08-17 18:29:00,XAUUSD,Buy,0.36,1762.4,0.0,1760.72,1762.4,168.0,58.86,00:00:50:00,1.09,865,96476.0,2022-08-17 17:35:00,32245.0,2022-08-17 17:30:00,8064.0,2022-08-17 17:00:00,2080.0,2022-08-17 16:00:00,401.0,2022-08-17
2022-08-15 09:06:00,2022-08-15 09:35:00,XAUUSD,Buy,0.36,1785.78,0.0,1787.29,1785.78,-151.0,-55.98,00:00:29:00,-1.03,866,95798.0,2022-08-15 09:05:00,32019.0,2022-08-15 09:00:00,8008.0,2022-08-15 09:00:00,2066.0,2022-08-15 08:00:00,399.0,2022-08-15
2022-08-11 16:21:00,2022-08-11 17:30:00,XAUUSD,Buy,0.36,1789.7,0.0,1787.32,1789.7,238.0,84.06,00:01:09:00,1.57,867,95299.0,2022-08-11 16:20:00,31852.0,2022-08-11 16:15:00,7966.0,2022-08-11 16:00:00,2055.0,2022-08-11 16:00:00,396.0,2022-08-11
2022-08-05 13:33:00,2022-08-05 13:33:00,XAUUSD,Buy,0.36,1773.88,0.0,1775.38,1773.88,-150.0,-55.62,00:00:00:00,-1.03,868,94103.0,2022-08-05 13:30:00,31453.0,2022-08-05 13:30:00,7866.0,2022-08-05 13:00:00,2029.0,2022-08-05 12:00:00,391.0,2022-08-05
2022-08-02 19:13:00,2022-08-02 19:54:00,XAUUSD,Buy,0.36,1766.22,0.0,1767.72,1766.22,-150.0,-55.62,00:00:41:00,-1.02,869,93307.0,2022-08-02 19:10:00,31187.0,2022-08-02 19:00:00,7800.0,2022-08-02 19:00:00,2012.0,2022-08-02 16:00:00,388.0,2022-08-02
2022-08-02 14:26:00,2022-08-02 14:38:00,XAUUSD,Buy,0.35,1781.3,0.0,1776.82,1781.3,448.0,155.22,00:00:12:00,2.92,870,93250.0,2022-08-02 14:25:00,31168.0,2022-08-02 14:15:00,7795.0,2022-08-02 14:00:00,2011.0,2022-08-02 12:00:00,388.0,2022-08-02
2022-07-15 15:00:00,2022-07-15 15:05:00,XAUUSD,Buy,0.35,1706.4,0.0,1704.03,1706.4,237.0,81.37,00:00:05:00,1.55,871,89771.0,2022-07-15 15:00:00,30007.0,2022-07-15 15:00:00,7505.0,2022-07-15 15:00:00,1936.0,2022-07-15 12:00:00,373.0,2022-07-15
2022-07-14 17:28:00,2022-07-14 17:54:00,XAUUSD,Buy,0.35,1707.1,0.0,1705.43,1707.1,167.0,56.87,00:00:26:00,1.1,872,89512.0,2022-07-14 17:25:00,29920.0,2022-07-14 17:15:00,7483.0,2022-07-14 17:00:00,1931.0,2022-07-14 16:00:00,372.0,2022-07-14
2022-07-06 16:18:00,2022-07-06 16:21:00,XAUUSD,Buy,0.34,1739.3,0.0,1738.27,1739.3,103.0,33.49,00:00:03:00,0.65,873,87760.0,2022-07-06 16:15:00,29336.0,2022-07-06 16:15:00,7337.0,2022-07-06 16:00:00,1894.0,2022-07-06 16:00:00,365.0,2022-07-06
2022-07-06 14:53:00,2022-07-06 15:00:00,XAUUSD,Buy,0.34,1758.9,0.0,1756.52,1758.9,238.0,79.39,00:00:07:00,1.57,874,87743.0,2022-07-06 14:50:00,29330.0,2022-07-06 14:45:00,7335.0,2022-07-06 14:00:00,1893.0,2022-07-06 12:00:00,365.0,2022-07-06
2022-07-05 15:06:00,2022-07-05 15:07:00,XAUUSD,Buy,0.34,1771.78,0.0,1773.28,1771.78,-150.0,-52.53,00:00:01:00,-1.03,875,87458.0,2022-07-05 15:05:00,29235.0,2022-07-05 15:00:00,7312.0,2022-07-05 15:00:00,1887.0,2022-07-05 12:00:00,364.0,2022-07-05
2022-07-05 09:18:00,2022-07-05 09:51:00,XAUUSD,Buy,0.34,1801.22,0.0,1802.72,1801.22,-150.0,-52.53,00:00:33:00,-1.02,876,87388.0,2022-07-05 09:15:00,29212.0,2022-07-05 09:15:00,7306.0,2022-07-05 09:00:00,1886.0,2022-07-05 08:00:00,364.0,2022-07-05
2022-06-30 12:45:00,2022-06-30 13:12:00,XAUUSD,Buy,0.34,1805.8,0.0,1803.42,1805.8,238.0,79.39,00:00:27:00,1.56,877,86574.0,2022-06-30 12:45:00,28940.0,2022-06-30 12:45:00,7237.0,2022-06-30 12:00:00,1868.0,2022-06-30 12:00:00,360.0,2022-06-30
2022-06-29 14:54:00,2022-06-29 14:59:00,XAUUSD,Buy,0.34,1816.58,0.0,1818.08,1816.58,-150.0,-52.53,00:00:05:00,-1.02,878,86311.0,2022-06-29 14:50:00,28852.0,2022-06-29 14:45:00,7215.0,2022-06-29 14:00:00,1862.0,2022-06-29 12:00:00,359.0,2022-06-29
2022-06-16 11:21:00,2022-06-16 11:24:00,XAUUSD,Buy,0.35,1820.12,0.0,1821.62,1820.12,-150.0,-54.08,00:00:03:00,-1.04,879,83675.0,2022-06-16 11:20:00,27972.0,2022-06-16 11:15:00,6995.0,2022-06-16 11:00:00,1805.0,2022-06-16 08:00:00,348.0,2022-06-16
2022-06-10 14:26:00,2022-06-10 14:31:00,XAUUSD,Buy,0.35,1831.28,0.0,1832.78,1831.28,-150.0,-54.08,00:00:05:00,-1.03,880,82550.0,2022-06-10 14:25:00,27596.0,2022-06-10 14:15:00,6901.0,2022-06-10 14:00:00,1781.0,2022-06-10 12:00:00,343.0,2022-06-10
2022-06-10 13:18:00,2022-06-10 13:30:00,XAUUSD,Buy,0.35,1831.32,0.0,1832.82,1831.32,-150.0,-54.08,00:00:12:00,-1.02,881,82536.0,2022-06-10 13:15:00,27592.0,2022-06-10 13:15:00,6900.0,2022-06-10 13:00:00,1781.0,2022-06-10 12:00:00,343.0,2022-06-10
2022-06-03 17:22:00,2022-06-03 18:27:00,XAUUSD,Buy,0.36,1848.12,0.0,1849.62,1848.12,-150.0,-55.62,00:01:05:00,-1.04,882,81135.0,2022-06-03 17:20:00,27124.0,2022-06-03 17:15:00,6783.0,2022-06-03 17:00:00,1751.0,2022-06-03 16:00:00,337.0,2022-06-03
2022-06-03 16:51:00,2022-06-03 17:01:00,XAUUSD,Buy,0.36,1850.91,0.0,1852.41,1850.91,-150.0,-55.62,00:00:10:00,-1.03,883,81129.0,2022-06-03 16:50:00,27122.0,2022-06-03 16:45:00,6782.0,2022-06-03 16:00:00,1751.0,2022-06-03 16:00:00,337.0,2022-06-03
2022-05-31 02:08:00,2022-05-31 02:35:00,XAUUSD,Buy,0.36,1846.72,0.0,1848.22,1846.72,-150.0,-55.62,00:00:27:00,-1.02,884,80088.0,2022-05-31 02:05:00,26775.0,2022-05-31 02:00:00,6696.0,2022-05-31 02:00:00,1729.0,2022-05-31 00:00:00,334.0,2022-05-31
2022-05-27 13:32:00,2022-05-27 14:21:00,XAUUSD,Buy,0.35,1859.7,0.0,1852.39,1859.7,731.0,254.27,00:00:49:00,4.87,885,79657.0,2022-05-27 13:30:00,26631.0,2022-05-27 13:30:00,6659.0,2022-05-27 13:00:00,1719.0,2022-05-27 12:00:00,331.0,2022-05-27
2022-05-13 14:20:00,2022-05-13 14:30:00,XAUUSD,Buy,0.34,1803.7,0.0,1801.28,1803.7,242.0,80.75,00:00:10:00,1.57,886,76767.0,2022-05-13 14:20:00,25666.0,2022-05-13 14:15:00,6418.0,2022-05-13 14:00:00,1657.0,2022-05-13 12:00:00,319.0,2022-05-13
2022-05-12 18:05:00,2022-05-12 18:34:00,XAUUSD,Buy,0.34,1824.0,0.0,1824.42,1824.0,-42.0,-15.81,00:00:29:00,-0.31,887,76524.0,2022-05-12 18:05:00,25585.0,2022-05-12 18:00:00,6398.0,2022-05-12 18:00:00,1652.0,2022-05-12 16:00:00,318.0,2022-05-12
2022-05-12 17:59:00,2022-05-12 17:59:00,XAUUSD,Buy,0.35,1824.28,0.0,1825.78,1824.28,-150.0,-54.08,00:00:00:00,-1.04,888,76522.0,2022-05-12 17:55:00,25584.0,2022-05-12 17:45:00,6397.0,2022-05-12 17:00:00,1652.0,2022-05-12 16:00:00,318.0,2022-05-12
2022-05-12 17:02:00,2022-05-12 17:35:00,XAUUSD,Buy,0.34,1835.9,0.0,1834.22,1835.9,168.0,55.59,00:00:33:00,1.08,889,76511.0,2022-05-12 17:00:00,25581.0,2022-05-12 17:00:00,6397.0,2022-05-12 17:00:00,1652.0,2022-05-12 16:00:00,318.0,2022-05-12
2022-05-06 13:55:00,2022-05-06 14:04:00,XAUUSD,Buy,0.34,1876.5,0.0,1876.91,1876.5,-41.0,-15.47,00:00:09:00,-0.3,890,75312.0,2022-05-06 13:55:00,25180.0,2022-05-06 13:45:00,6296.0,2022-05-06 13:00:00,1626.0,2022-05-06 12:00:00,313.0,2022-05-06
2022-05-06 13:53:00,2022-05-06 13:53:00,XAUUSD,Buy,0.35,1876.79,0.0,1878.29,1876.79,-150.0,-54.08,00:00:00:00,-1.04,891,75311.0,2022-05-06 13:50:00,25180.0,2022-05-06 13:45:00,6296.0,2022-05-06 13:00:00,1626.0,2022-05-06 12:00:00,313.0,2022-05-06
2022-04-29 20:55:00,2022-05-01 23:06:00,XAUUSD,Buy,0.35,1897.5,0.0,1896.49,1897.5,101.0,6.05,02:02:11:00,0.12,892,73946.0,2022-04-29 20:55:00,24724.0,2022-04-29 20:45:00,6182.0,2022-04-29 20:00:00,1597.0,2022-04-29 20:00:00,307.0,2022-04-29
2022-04-29 20:31:00,2022-04-29 20:38:00,XAUUSD,Buy,0.35,1899.89,0.0,1901.39,1899.89,-150.0,-54.08,00:00:07:00,-1.03,893,73941.0,2022-04-29 20:30:00,24723.0,2022-04-29 20:30:00,6182.0,2022-04-29 20:00:00,1597.0,2022-04-29 20:00:00,307.0,2022-04-29
2022-04-27 09:12:00,2022-04-27 09:15:00,XAUUSD,Buy,0.35,1891.2,0.0,1888.79,1891.2,241.0,82.77,00:00:03:00,1.6,894,73229.0,2022-04-27 09:10:00,24485.0,2022-04-27 09:00:00,6123.0,2022-04-27 09:00:00,1582.0,2022-04-27 08:00:00,305.0,2022-04-27
2022-04-25 13:28:00,2022-04-25 13:38:00,XAUUSD,Buy,0.34,1899.6,0.0,1896.51,1899.6,309.0,103.53,00:00:10:00,2.04,895,72704.0,2022-04-25 13:25:00,24310.0,2022-04-25 13:15:00,6079.0,2022-04-25 13:00:00,1571.0,2022-04-25 12:00:00,303.0,2022-04-25
2022-04-22 16:15:00,2022-04-22 16:35:00,XAUUSD,Buy,0.33,1931.1,0.0,1927.31,1931.1,379.0,123.58,00:00:20:00,2.49,896,72440.0,2022-04-22 16:15:00,24222.0,2022-04-22 16:15:00,6057.0,2022-04-22 16:00:00,1565.0,2022-04-22 16:00:00,301.0,2022-04-22
2022-04-22 16:13:00,2022-04-22 16:14:00,XAUUSD,Buy,0.33,1927.19,0.0,1928.69,1927.19,-150.0,-50.99,00:00:01:00,-1.02,897,72439.0,2022-04-22 16:10:00,24221.0,2022-04-22 16:00:00,6057.0,2022-04-22 16:00:00,1565.0,2022-04-22 16:00:00,301.0,2022-04-22
2022-04-22 11:24:00,2022-04-22 12:01:00,XAUUSD,Buy,0.33,1935.3,0.0,1932.89,1935.3,241.0,78.04,00:00:37:00,1.58,898,72381.0,2022-04-22 11:20:00,24202.0,2022-04-22 11:15:00,6052.0,2022-04-22 11:00:00,1563.0,2022-04-22 08:00:00,301.0,2022-04-22
2022-04-19 13:57:00,2022-04-19 14:01:00,XAUUSD,Buy,0.33,1965.0,0.0,1966.51,1965.0,-151.0,-51.32,00:00:04:00,-1.03,899,71548.0,2022-04-19 13:55:00,23924.0,2022-04-19 13:45:00,5982.0,2022-04-19 13:00:00,1546.0,2022-04-19 12:00:00,298.0,2022-04-19
2022-04-18 19:08:00,2022-04-18 20:29:00,XAUUSD,Buy,0.32,1980.8,0.0,1977.01,1980.8,379.0,119.84,00:01:21:00,2.46,900,71322.0,2022-04-18 19:05:00,23849.0,2022-04-18 19:00:00,5964.0,2022-04-18 19:00:00,1541.0,2022-04-18 16:00:00,297.0,2022-04-18
2022-04-14 16:24:00,2022-04-14 18:04:00,XAUUSD,Buy,0.31,1973.1,0.0,1963.71,1973.1,939.0,289.69,00:01:40:00,6.33,901,70989.0,2022-04-14 16:20:00,23738.0,2022-04-14 16:15:00,5936.0,2022-04-14 16:00:00,1534.0,2022-04-14 16:00:00,295.0,2022-04-14
2022-04-14 13:45:00,2022-04-14 14:10:00,XAUUSD,Buy,0.3,1975.2,0.0,1971.41,1975.2,379.0,112.35,00:00:25:00,2.52,902,70958.0,2022-04-14 13:45:00,23728.0,2022-04-14 13:45:00,5933.0,2022-04-14 13:00:00,1533.0,2022-04-14 12:00:00,295.0,2022-04-14
2022-04-14 10:19:00,2022-04-14 11:23:00,XAUUSD,Buy,0.3,1967.8,0.0,1969.31,1967.8,-151.0,-46.65,00:01:04:00,-1.03,903,70916.0,2022-04-14 10:15:00,23714.0,2022-04-14 10:15:00,5930.0,2022-04-14 10:00:00,1532.0,2022-04-14 08:00:00,295.0,2022-04-14
2022-04-11 14:54:00,2022-04-11 14:56:00,XAUUSD,Buy,0.3,1951.7,0.0,1953.21,1951.7,-151.0,-46.65,00:00:02:00,-1.02,904,70107.0,2022-04-11 14:50:00,23444.0,2022-04-11 14:45:00,5862.0,2022-04-11 14:00:00,1515.0,2022-04-11 12:00:00,292.0,2022-04-11
2022-04-11 14:52:00,2022-04-11 14:53:00,XAUUSD,Buy,0.31,1953.09,0.0,1954.6,1953.09,-151.0,-48.21,00:00:01:00,-1.05,905,70107.0,2022-04-11 14:50:00,23444.0,2022-04-11 14:45:00,5862.0,2022-04-11 14:00:00,1515.0,2022-04-11 12:00:00,292.0,2022-04-11
2022-04-01 15:34:00,2022-04-01 15:55:00,XAUUSD,Buy,0.3,1926.2,0.0,1920.99,1926.2,521.0,154.95,00:00:21:00,3.48,906,68367.0,2022-04-01 15:30:00,22863.0,2022-04-01 15:30:00,5717.0,2022-04-01 15:00:00,1477.0,2022-04-01 12:00:00,284.0,2022-04-01
2022-03-28 20:46:00,2022-03-29 00:26:00,XAUUSD,Buy,0.29,1923.4,0.0,1917.51,1923.4,589.0,146.53,00:03:40:00,3.41,907,67278.0,2022-03-28 20:45:00,22500.0,2022-03-28 20:45:00,5626.0,2022-03-28 20:00:00,1455.0,2022-03-28 20:00:00,280.0,2022-03-28
2022-03-28 20:05:00,2022-03-28 20:20:00,XAUUSD,Buy,0.28,1925.5,0.0,1923.79,1925.5,171.0,46.62,00:00:15:00,1.1,908,67270.0,2022-03-28 20:05:00,22497.0,2022-03-28 20:00:00,5626.0,2022-03-28 20:00:00,1455.0,2022-03-28 20:00:00,280.0,2022-03-28
2022-03-24 20:49:00,2022-03-25 00:08:00,XAUUSD,Buy,0.28,1958.4,0.0,1956.71,1958.4,169.0,23.88,00:03:19:00,0.56,909,66692.0,2022-03-24 20:45:00,22304.0,2022-03-24 20:45:00,5577.0,2022-03-24 20:00:00,1442.0,2022-03-24 20:00:00,277.0,2022-03-24
2022-03-18 19:06:00,2022-03-18 19:30:00,XAUUSD,Buy,0.29,1919.51,0.0,1921.01,1919.51,-150.0,-44.81,00:00:24:00,-1.05,910,65510.0,2022-03-18 19:05:00,21909.0,2022-03-18 19:00:00,5479.0,2022-03-18 19:00:00,1416.0,2022-03-18 16:00:00,272.0,2022-03-18
2022-03-16 18:20:00,2022-03-16 18:22:00,XAUUSD,Buy,0.28,1901.0,0.0,1897.19,1901.0,381.0,105.42,00:00:02:00,2.53,911,64925.0,2022-03-16 18:20:00,21714.0,2022-03-16 18:15:00,5430.0,2022-03-16 18:00:00,1404.0,2022-03-16 16:00:00,270.0,2022-03-16
2022-03-16 12:31:00,2022-03-16 12:34:00,XAUUSD,Buy,0.28,1917.1,0.0,1916.11,1917.1,99.0,26.46,00:00:03:00,0.64,912,64855.0,2022-03-16 12:30:00,21691.0,2022-03-16 12:30:00,5424.0,2022-03-16 12:00:00,1403.0,2022-03-16 12:00:00,270.0,2022-03-16
2022-03-11 13:37:00,2022-03-11 13:42:00,XAUUSD,Buy,0.27,1966.1,0.0,1963.71,1966.1,239.0,63.31,00:00:05:00,1.55,913,63994.0,2022-03-11 13:35:00,21403.0,2022-03-11 13:30:00,5352.0,2022-03-11 13:00:00,1384.0,2022-03-11 12:00:00,266.0,2022-03-11
2022-03-11 12:11:00,2022-03-11 12:13:00,XAUUSD,Buy,0.27,1969.9,0.0,1971.41,1969.9,-151.0,-41.99,00:00:02:00,-1.02,914,63977.0,2022-03-11 12:10:00,21397.0,2022-03-11 12:00:00,5351.0,2022-03-11 12:00:00,1384.0,2022-03-11 12:00:00,266.0,2022-03-11
2022-03-11 11:26:00,2022-03-11 11:28:00,XAUUSD,Buy,0.27,1982.2,0.0,1977.7,1982.2,450.0,120.28,00:00:02:00,3.0,915,63968.0,2022-03-11 11:25:00,21394.0,2022-03-11 11:15:00,5350.0,2022-03-11 11:00:00,1383.0,2022-03-11 08:00:00,266.0,2022-03-11
2022-03-10 01:01:00,2022-03-10 01:03:00,XAUUSD,Buy,0.27,1978.29,0.0,1979.8,1978.29,-151.0,-41.99,00:00:02:00,-1.04,916,63555.0,2022-03-10 01:00:00,21257.0,2022-03-10 01:00:00,5316.0,2022-03-10 01:00:00,1375.0,2022-03-10 00:00:00,265.0,2022-03-10
2022-03-09 13:02:00,2022-03-09 13:03:00,XAUUSD,Buy,0.27,2001.39,0.0,2002.9,2001.39,-151.0,-41.99,00:00:01:00,-1.03,917,63411.0,2022-03-09 13:00:00,21209.0,2022-03-09 13:00:00,5304.0,2022-03-09 13:00:00,1372.0,2022-03-09 12:00:00,264.0,2022-03-09
2022-03-09 09:53:00,2022-03-09 09:55:00,XAUUSD,Buy,0.27,2016.5,0.0,2016.21,2016.5,29.0,6.61,00:00:02:00,0.16,918,63373.0,2022-03-09 09:50:00,21196.0,2022-03-09 09:45:00,5300.0,2022-03-09 09:00:00,1371.0,2022-03-09 08:00:00,264.0,2022-03-09
2022-03-09 09:05:00,2022-03-09 09:08:00,XAUUSD,Buy,0.27,2031.49,0.0,2033.0,2031.49,-151.0,-41.99,00:00:03:00,-1.02,919,63364.0,2022-03-09 09:05:00,21193.0,2022-03-09 09:00:00,5300.0,2022-03-09 09:00:00,1371.0,2022-03-09 08:00:00,264.0,2022-03-09
2022-03-09 05:53:00,2022-03-09 06:24:00,XAUUSD,Buy,0.27,2050.1,0.0,2046.31,2050.1,379.0,101.11,00:00:31:00,2.51,920,63325.0,2022-03-09 05:50:00,21180.0,2022-03-09 05:45:00,5296.0,2022-03-09 05:00:00,1370.0,2022-03-09 04:00:00,264.0,2022-03-09
2022-03-08 23:54:00,2022-03-09 00:15:00,XAUUSD,Buy,0.27,2043.8,0.0,2044.21,2043.8,-41.0,-12.29,00:00:21:00,-0.3,921,63253.0,2022-03-08 23:50:00,21156.0,2022-03-08 23:45:00,5290.0,2022-03-08 23:00:00,1368.0,2022-03-08 20:00:00,263.0,2022-03-08
2022-03-08 19:46:00,2022-03-08 19:48:00,XAUUSD,Buy,0.27,2031.2,0.0,2030.91,2031.2,29.0,6.61,00:00:02:00,0.16,922,63204.0,2022-03-08 19:45:00,21140.0,2022-03-08 19:45:00,5286.0,2022-03-08 19:00:00,1367.0,2022-03-08 16:00:00,263.0,2022-03-08
2022-03-08 16:00:00,2022-03-08 16:03:00,XAUUSD,Buy,0.26,2048.7,0.0,2046.3,2048.7,240.0,61.23,00:00:03:00,1.54,923,63159.0,2022-03-08 16:00:00,21125.0,2022-03-08 16:00:00,5283.0,2022-03-08 16:00:00,1367.0,2022-03-08 16:00:00,263.0,2022-03-08
2022-03-02 15:38:00,2022-03-02 15:41:00,XAUUSD,Buy,0.27,1924.39,0.0,1925.89,1924.39,-150.0,-41.72,00:00:03:00,-1.04,924,62005.0,2022-03-02 15:35:00,20739.0,2022-03-02 15:30:00,5186.0,2022-03-02 15:00:00,1341.0,2022-03-02 12:00:00,258.0,2022-03-02
2022-03-02 01:17:00,2022-03-02 02:10:00,XAUUSD,Buy,0.26,1938.8,0.0,1932.21,1938.8,659.0,170.17,00:00:53:00,4.43,925,61833.0,2022-03-02 01:15:00,20682.0,2022-03-02 01:15:00,5172.0,2022-03-02 01:00:00,1338.0,2022-03-02 00:00:00,258.0,2022-03-02
2022-02-28 07:26:00,2022-02-28 07:30:00,XAUUSD,Buy,0.25,1898.9,0.0,1897.89,1898.9,101.0,24.12,00:00:04:00,0.63,926,61331.0,2022-02-28 07:25:00,20514.0,2022-02-28 07:15:00,5130.0,2022-02-28 07:00:00,1327.0,2022-02-28 04:00:00,256.0,2022-02-28
2022-02-25 12:57:00,2022-02-25 12:58:00,XAUUSD,Buy,0.26,1895.47,0.0,1896.97,1895.47,-150.0,-40.17,00:00:01:00,-1.04,927,61111.0,2022-02-25 12:55:00,20440.0,2022-02-25 12:45:00,5111.0,2022-02-25 12:00:00,1322.0,2022-02-25 12:00:00,254.0,2022-02-25
2022-02-24 15:19:00,2022-02-24 15:20:00,XAUUSD,Buy,0.26,1920.6,0.0,1920.29,1920.6,31.0,6.89,00:00:01:00,0.18,928,60851.0,2022-02-24 15:15:00,20354.0,2022-02-24 15:15:00,5090.0,2022-02-24 15:00:00,1316.0,2022-02-24 12:00:00,253.0,2022-02-24
2022-02-24 04:53:00,2022-02-24 04:56:00,XAUUSD,Buy,0.25,1936.0,0.0,1933.61,1936.0,239.0,58.62,00:00:03:00,1.55,929,60726.0,2022-02-24 04:50:00,20312.0,2022-02-24 04:45:00,5079.0,2022-02-24 04:00:00,1314.0,2022-02-24 04:00:00,253.0,2022-02-24
2022-02-18 10:37:00,2022-02-18 11:07:00,XAUUSD,Buy,0.25,1888.4,0.0,1887.41,1888.4,99.0,23.62,00:00:30:00,0.63,930,59666.0,2022-02-18 10:35:00,19958.0,2022-02-18 10:30:00,4990.0,2022-02-18 10:00:00,1290.0,2022-02-18 08:00:00,248.0,2022-02-18
2022-02-10 23:34:00,2022-02-11 00:22:00,XAUUSD,Buy,0.25,1825.02,0.0,1826.52,1825.02,-150.0,-38.63,00:00:48:00,-1.02,931,58095.0,2022-02-10 23:30:00,19434.0,2022-02-10 23:30:00,4859.0,2022-02-10 23:00:00,1256.0,2022-02-10 20:00:00,241.0,2022-02-10
2022-02-10 21:35:00,2022-02-10 23:21:00,XAUUSD,Buy,0.26,1826.38,0.0,1827.88,1826.38,-150.0,-60.76,00:01:46:00,-1.57,932,58072.0,2022-02-10 21:35:00,19426.0,2022-02-10 21:30:00,4857.0,2022-02-10 21:00:00,1256.0,2022-02-10 20:00:00,241.0,2022-02-10
2022-02-10 13:49:00,2022-02-10 13:59:00,XAUUSD,Buy,0.25,1830.3,0.0,1827.92,1830.3,238.0,58.37,00:00:10:00,1.53,933,57978.0,2022-02-10 13:45:00,19395.0,2022-02-10 13:45:00,4849.0,2022-02-10 13:00:00,1254.0,2022-02-10 12:00:00,241.0,2022-02-10
2022-01-26 19:44:00,2022-01-26 19:45:00,XAUUSD,Buy,0.26,1820.82,0.0,1822.32,1820.82,-150.0,-40.17,00:00:01:00,-1.04,934,54887.0,2022-01-26 19:40:00,18362.0,2022-01-26 19:30:00,4591.0,2022-01-26 19:00:00,1187.0,2022-01-26 16:00:00,228.0,2022-01-26
2022-01-21 08:35:00,2022-01-21 08:56:00,XAUUSD,Buy,0.26,1830.62,0.0,1832.12,1830.62,-150.0,-40.17,00:00:21:00,-1.03,935,53892.0,2022-01-21 08:35:00,18030.0,2022-01-21 08:30:00,4508.0,2022-01-21 08:00:00,1166.0,2022-01-21 08:00:00,224.0,2022-01-21
2022-01-03 13:27:00,2022-01-03 13:31:00,XAUUSD,Buy,0.26,1810.98,0.0,1812.48,1810.98,-150.0,-40.17,00:00:04:00,-1.02,936,49943.0,2022-01-03 13:25:00,16712.0,2022-01-03 13:15:00,4178.0,2022-01-03 13:00:00,1081.0,2022-01-03 12:00:00,208.0,2022-01-03
2021-12-29 10:49:00,2021-12-29 10:52:00,XAUUSD,Buy,0.26,1794.92,0.0,1796.42,1794.92,-150.0,-40.17,00:00:03:00,-1.01,937,49049.0,2021-12-29 10:45:00,16414.0,2021-12-29 10:45:00,4103.0,2021-12-29 10:00:00,1061.0,2021-12-29 08:00:00,204.0,2021-12-29
2021-12-13 14:03:00,2021-12-13 14:34:00,XAUUSD,Buy,0.26,1785.5,0.0,1782.42,1785.5,308.0,78.91,00:00:31:00,2.03,938,45922.0,2021-12-13 14:00:00,15371.0,2021-12-13 14:00:00,3843.0,2021-12-13 14:00:00,994.0,2021-12-13 12:00:00,191.0,2021-12-13
2021-12-09 12:34:00,2021-12-09 13:00:00,XAUUSD,Buy,0.26,1775.32,0.0,1776.82,1775.32,-150.0,-40.17,00:00:26:00,-1.02,939,45330.0,2021-12-09 12:30:00,15173.0,2021-12-09 12:30:00,3793.0,2021-12-09 12:00:00,981.0,2021-12-09 12:00:00,188.0,2021-12-09
2021-11-26 16:43:00,2021-11-26 16:46:00,XAUUSD,Buy,0.26,1784.1,0.0,1782.38,1784.1,172.0,43.55,00:00:03:00,1.12,940,42818.0,2021-11-26 16:40:00,14334.0,2021-11-26 16:30:00,3583.0,2021-11-26 16:00:00,926.0,2021-11-26 16:00:00,177.0,2021-11-26
2021-11-22 10:51:00,2021-11-22 11:14:00,XAUUSD,Buy,0.26,1838.7,0.0,1837.72,1838.7,98.0,24.31,00:00:23:00,0.63,941,41633.0,2021-11-22 10:50:00,13939.0,2021-11-22 10:45:00,3484.0,2021-11-22 10:00:00,900.0,2021-11-22 08:00:00,173.0,2021-11-22
2021-11-19 14:19:00,2021-11-19 14:32:00,XAUUSD,Buy,0.25,1859.0,0.0,1853.79,1859.0,521.0,129.12,00:00:13:00,3.46,942,41388.0,2021-11-19 14:15:00,13857.0,2021-11-19 14:15:00,3464.0,2021-11-19 14:00:00,894.0,2021-11-19 12:00:00,171.0,2021-11-19
2021-11-16 16:34:00,2021-11-16 16:40:00,XAUUSD,Buy,0.25,1853.71,0.0,1855.21,1853.71,-150.0,-38.63,00:00:06:00,-1.02,943,40551.0,2021-11-16 16:30:00,13578.0,2021-11-16 16:30:00,3394.0,2021-11-16 16:00:00,877.0,2021-11-16 16:00:00,168.0,2021-11-16
2021-10-28 15:36:00,2021-10-28 15:51:00,XAUUSD,Buy,0.24,1798.8,0.0,1792.92,1798.8,588.0,140.04,00:00:15:00,3.86,944,36792.0,2021-10-28 15:35:00,12322.0,2021-10-28 15:30:00,3080.0,2021-10-28 15:00:00,795.0,2021-10-28 12:00:00,152.0,2021-10-28
2021-10-22 16:38:00,2021-10-22 16:40:00,XAUUSD,Buy,0.24,1787.88,0.0,1789.38,1787.88,-150.0,-37.08,00:00:02:00,-1.01,945,35658.0,2021-10-22 16:35:00,11942.0,2021-10-22 16:30:00,2985.0,2021-10-22 16:00:00,771.0,2021-10-22 16:00:00,147.0,2021-10-22
2021-10-15 17:11:00,2021-10-15 18:47:00,XAUUSD,Buy,0.24,1768.7,0.0,1767.02,1768.7,168.0,39.24,00:01:36:00,1.08,946,34232.0,2021-10-15 17:10:00,11464.0,2021-10-15 17:00:00,2866.0,2021-10-15 17:00:00,740.0,2021-10-15 16:00:00,141.0,2021-10-15
2021-10-08 15:15:00,2021-10-08 15:20:00,XAUUSD,Buy,0.24,1762.72,0.0,1764.22,1762.72,-150.0,-37.08,00:00:05:00,-1.01,947,32776.0,2021-10-08 15:15:00,10977.0,2021-10-08 15:15:00,2744.0,2021-10-08 15:00:00,708.0,2021-10-08 12:00:00,135.0,2021-10-08
2021-09-29 15:23:00,2021-09-29 15:31:00,XAUUSD,Buy,0.24,1728.1,0.0,1726.43,1728.1,167.0,39.0,00:00:08:00,1.08,948,30770.0,2021-09-29 15:20:00,10305.0,2021-09-29 15:15:00,2576.0,2021-09-29 15:00:00,665.0,2021-09-29 12:00:00,127.0,2021-09-29
2021-09-28 14:52:00,2021-09-28 14:59:00,XAUUSD,Buy,0.24,1734.4,0.0,1731.33,1734.4,307.0,72.6,00:00:07:00,2.04,949,30477.0,2021-09-28 14:50:00,10207.0,2021-09-28 14:45:00,2551.0,2021-09-28 14:00:00,659.0,2021-09-28 12:00:00,126.0,2021-09-28
2021-09-23 14:09:00,2021-09-23 14:14:00,XAUUSD,Buy,0.23,1758.2,0.0,1755.12,1758.2,308.0,69.8,00:00:05:00,2.0,950,29609.0,2021-09-23 14:05:00,9916.0,2021-09-23 14:00:00,2479.0,2021-09-23 14:00:00,640.0,2021-09-23 12:00:00,122.0,2021-09-23
2021-09-17 13:07:00,2021-09-17 13:30:00,XAUUSD,Buy,0.23,1761.7,0.0,1758.62,1761.7,308.0,69.8,00:00:23:00,2.04,951,28451.0,2021-09-17 13:05:00,9528.0,2021-09-17 13:00:00,2382.0,2021-09-17 13:00:00,615.0,2021-09-17 12:00:00,117.0,2021-09-17
2021-09-16 14:40:00,2021-09-16 14:46:00,XAUUSD,Buy,0.23,1751.9,0.0,1752.32,1751.9,-42.0,-10.7,00:00:06:00,-0.31,952,28183.0,2021-09-16 14:40:00,9438.0,2021-09-16 14:30:00,2359.0,2021-09-16 14:00:00,609.0,2021-09-16 12:00:00,116.0,2021-09-16
2021-09-16 07:12:00,2021-09-16 08:07:00,XAUUSD,Buy,0.23,1784.38,0.0,1785.88,1784.38,-150.0,-35.54,00:00:55:00,-1.03,953,28093.0,2021-09-16 07:10:00,9408.0,2021-09-16 07:00:00,2352.0,2021-09-16 07:00:00,607.0,2021-09-16 04:00:00,116.0,2021-09-16
2021-09-14 14:46:00,2021-09-14 15:18:00,XAUUSD,Buy,0.22,1797.4,0.0,1791.52,1797.4,588.0,128.37,00:00:32:00,3.85,954,27610.0,2021-09-14 14:45:00,9247.0,2021-09-14 14:45:00,2311.0,2021-09-14 14:00:00,597.0,2021-09-14 12:00:00,114.0,2021-09-14
2021-09-10 11:48:00,2021-09-10 13:21:00,XAUUSD,Buy,0.22,1797.4,0.0,1793.62,1797.4,378.0,82.17,00:01:33:00,2.53,955,27002.0,2021-09-10 11:45:00,9043.0,2021-09-10 11:45:00,2260.0,2021-09-10 11:00:00,583.0,2021-09-10 08:00:00,111.0,2021-09-10
2021-09-08 14:50:00,2021-09-08 14:56:00,XAUUSD,Buy,0.21,1786.9,0.0,1783.82,1786.9,308.0,63.73,00:00:06:00,2.0,956,26465.0,2021-09-08 14:50:00,8863.0,2021-09-08 14:45:00,2215.0,2021-09-08 14:00:00,572.0,2021-09-08 12:00:00,109.0,2021-09-08
2021-09-08 14:48:00,2021-09-08 14:49:00,XAUUSD,Buy,0.21,1783.68,0.0,1785.18,1783.68,-150.0,-32.45,00:00:01:00,-1.01,957,26464.0,2021-09-08 14:45:00,8863.0,2021-09-08 14:45:00,2215.0,2021-09-08 14:00:00,572.0,2021-09-08 12:00:00,109.0,2021-09-08
2021-09-07 10:52:00,2021-09-07 11:52:00,XAUUSD,Buy,0.22,1809.62,0.0,1811.12,1809.62,-150.0,-33.99,00:01:00:00,-1.05,958,26130.0,2021-09-07 10:50:00,8751.0,2021-09-07 10:45:00,2187.0,2021-09-07 10:00:00,565.0,2021-09-07 08:00:00,108.0,2021-09-07
2021-08-31 14:08:00,2021-08-31 14:15:00,XAUUSD,Buy,0.22,1803.0,0.0,1802.72,1803.0,28.0,5.17,00:00:07:00,0.16,959,24760.0,2021-08-31 14:05:00,8292.0,2021-08-31 14:00:00,2073.0,2021-08-31 14:00:00,535.0,2021-08-31 12:00:00,102.0,2021-08-31
2021-08-27 10:28:00,2021-08-27 11:48:00,XAUUSD,Buy,0.22,1794.22,0.0,1795.72,1794.22,-150.0,-33.99,00:01:20:00,-1.04,960,24144.0,2021-08-27 10:25:00,8085.0,2021-08-27 10:15:00,2021.0,2021-08-27 10:00:00,521.0,2021-08-27 08:00:00,99.0,2021-08-27
2021-08-19 15:03:00,2021-08-19 15:05:00,XAUUSD,Buy,0.22,1780.92,0.0,1782.42,1780.92,-150.0,-33.99,00:00:02:00,-1.03,961,22479.0,2021-08-19 15:00:00,7528.0,2021-08-19 15:00:00,1882.0,2021-08-19 15:00:00,485.0,2021-08-19 12:00:00,92.0,2021-08-19
2021-08-08 23:53:00,2021-08-08 23:55:00,XAUUSD,Buy,0.22,1721.8,0.0,1719.37,1721.8,243.0,52.47,00:00:02:00,1.61,962,20003.0,2021-08-08 23:50:00,6699.0,2021-08-08 23:45:00,1674.0,2021-08-08 23:00:00,432.0,2021-08-08 20:00:00,82.0,2021-08-08
2021-08-06 13:46:00,2021-08-06 13:46:00,XAUUSD,Buy,0.22,1778.12,0.0,1779.62,1778.12,-150.0,-33.99,00:00:00:00,-1.03,963,19885.0,2021-08-06 13:45:00,6659.0,2021-08-06 13:45:00,1664.0,2021-08-06 13:00:00,429.0,2021-08-06 12:00:00,81.0,2021-08-06
2021-08-04 15:21:00,2021-08-04 15:25:00,XAUUSD,Buy,0.22,1810.98,0.0,1812.48,1810.98,-150.0,-33.99,00:00:04:00,-1.02,964,19330.0,2021-08-04 15:20:00,6473.0,2021-08-04 15:15:00,1618.0,2021-08-04 15:00:00,417.0,2021-08-04 12:00:00,79.0,2021-08-04
2021-07-23 11:23:00,2021-07-23 11:57:00,XAUUSD,Buy,0.22,1797.4,0.0,1797.82,1797.4,-42.0,-10.23,00:00:34:00,-0.31,965,16990.0,2021-07-23 11:20:00,5689.0,2021-07-23 11:15:00,1422.0,2021-07-23 11:00:00,366.0,2021-07-23 08:00:00,69.0,2021-07-23
2021-07-23 11:10:00,2021-07-23 11:11:00,XAUUSD,Buy,0.22,1797.68,0.0,1799.18,1797.68,-150.0,-33.99,00:00:01:00,-1.01,966,16988.0,2021-07-23 11:10:00,5688.0,2021-07-23 11:00:00,1422.0,2021-07-23 11:00:00,366.0,2021-07-23 08:00:00,69.0,2021-07-23
2021-07-22 09:34:00,2021-07-22 11:05:00,XAUUSD,Buy,0.22,1796.0,0.0,1793.62,1796.0,238.0,51.37,00:01:31:00,1.55,967,16681.0,2021-07-22 09:30:00,5586.0,2021-07-22 09:30:00,1396.0,2021-07-22 09:00:00,360.0,2021-07-22 08:00:00,68.0,2021-07-22
2021-07-19 08:02:00,2021-07-19 08:57:00,XAUUSD,Buy,0.22,1805.8,0.0,1804.82,1805.8,98.0,20.57,00:00:55:00,0.62,968,15802.0,2021-07-19 08:00:00,5292.0,2021-07-19 08:00:00,1323.0,2021-07-19 08:00:00,342.0,2021-07-19 08:00:00,65.0,2021-07-19
2021-07-12 15:00:00,2021-07-12 15:49:00,XAUUSD,Buy,0.2,1805.8,0.0,1792.92,1805.8,1288.0,256.7,00:00:49:00,8.43,969,14453.0,2021-07-12 15:00:00,4840.0,2021-07-12 15:00:00,1210.0,2021-07-12 15:00:00,312.0,2021-07-12 12:00:00,59.0,2021-07-12
2021-06-23 18:02:00,2021-06-23 18:09:00,XAUUSD,Buy,0.21,1781.62,0.0,1783.12,1781.62,-150.0,-32.45,00:00:07:00,-1.05,970,10788.0,2021-06-23 18:00:00,3612.0,2021-06-23 18:00:00,903.0,2021-06-23 18:00:00,232.0,2021-06-23 16:00:00,43.0,2021-06-23
2021-06-23 17:32:00,2021-06-23 17:38:00,XAUUSD,Buy,0.21,1784.42,0.0,1785.92,1784.42,-150.0,-32.45,00:00:06:00,-1.04,971,10782.0,2021-06-23 17:30:00,3610.0,2021-06-23 17:30:00,902.0,2021-06-23 17:00:00,232.0,2021-06-23 16:00:00,43.0,2021-06-23
2021-06-11 10:28:00,2021-06-11 11:40:00,XAUUSD,Buy,0.2,1893.3,0.0,1890.89,1893.3,241.0,47.3,00:01:12:00,1.54,972,8414.0,2021-06-11 10:25:00,2816.0,2021-06-11 10:15:00,703.0,2021-06-11 10:00:00,180.0,2021-06-11 08:00:00,33.0,2021-06-11
2021-06-03 07:51:00,2021-06-03 08:14:00,XAUUSD,Buy,0.2,1897.5,0.0,1895.81,1897.5,169.0,32.9,00:00:23:00,1.09,973,6663.0,2021-06-03 07:50:00,2230.0,2021-06-03 07:45:00,556.0,2021-06-03 07:00:00,142.0,2021-06-03 04:00:00,26.0,2021-06-03
2021-06-03 07:27:00,2021-06-03 07:31:00,XAUUSD,Buy,0.2,1897.11,0.0,1898.61,1897.11,-150.0,-30.9,00:00:04:00,-1.01,974,6658.0,2021-06-03 07:25:00,2228.0,2021-06-03 07:15:00,556.0,2021-06-03 07:00:00,142.0,2021-06-03 04:00:00,26.0,2021-06-03
2021-06-01 09:39:00,2021-06-01 10:30:00,XAUUSD,Buy,0.2,1910.1,0.0,1906.31,1910.1,379.0,74.9,00:00:51:00,2.51,975,6110.0,2021-06-01 09:35:00,2045.0,2021-06-01 09:30:00,510.0,2021-06-01 09:00:00,131.0,2021-06-01 08:00:00,24.0,2021-06-01
2021-05-26 14:14:00,2021-05-26 14:37:00,XAUUSD,Buy,0.2,1905.2,0.0,1903.51,1905.2,169.0,32.9,00:00:23:00,1.11,976,5043.0,2021-05-26 14:10:00,1687.0,2021-05-26 14:00:00,421.0,2021-05-26 14:00:00,107.0,2021-05-26 12:00:00,19.0,2021-05-26
2021-05-19 14:05:00,2021-05-19 14:14:00,XAUUSD,Buy,0.19,1870.9,0.0,1865.71,1870.9,519.0,97.75,00:00:09:00,3.42,977,3609.0,2021-05-19 14:05:00,1207.0,2021-05-19 14:00:00,301.0,2021-05-19 14:00:00,76.0,2021-05-19 12:00:00,13.0,2021-05-19
2021-05-11 14:01:00,2021-05-11 14:08:00,XAUUSD,Buy,0.19,1827.5,0.0,1826.52,1827.5,98.0,17.76,00:00:07:00,0.63,978,1888.0,2021-05-11 14:00:00,631.0,2021-05-11 14:00:00,157.0,2021-05-11 14:00:00,39.0,2021-05-11 12:00:00,6.0,2021-05-11
2021-05-07 15:51:00,2021-05-07 16:24:00,XAUUSD,Buy,0.18,1834.5,0.0,1829.32,1834.5,518.0,92.43,00:00:33:00,3.37,979,1338.0,2021-05-07 15:50:00,446.0,2021-05-07 15:45:00,110.0,2021-05-07 15:00:00,26.0,2021-05-07 12:00:00,3.0,2021-05-07
2021-05-07 14:07:00,2021-05-07 14:09:00,XAUUSD,Buy,0.18,1829.18,0.0,1830.68,1829.18,-150.0,-27.81,00:00:02:00,-1.0,980,1317.0,2021-05-07 14:05:00,439.0,2021-05-07 14:00:00,109.0,2021-05-07 14:00:00,26.0,2021-05-07 12:00:00,3.0,2021-05-07
2021-04-23 15:06:00,2021-04-23 15:15:00,XAUUSD,Buy,0.18,1778.5,0.0,1777.52,1778.5,98.0,16.83,00:00:09:00,0.61,981,,,,,,,,,,
2021-04-19 12:39:00,2021-04-19 12:46:00,XAUUSD,Buy,0.19,1780.22,0.0,1781.72,1780.22,-150.0,-29.36,00:00:07:00,-1.05,982,,,,,,,,,,
2021-04-09 13:50:00,2021-04-09 14:00:00,XAUUSD,Buy,0.19,1737.2,0.0,1736.93,1737.2,27.0,4.27,00:00:10:00,0.15,983,,,,,,,,,,
2021-03-29 14:47:00,2021-03-29 14:49:00,XAUUSD,Buy,0.19,1709.47,0.0,1710.97,1709.47,-150.0,-29.36,00:00:02:00,-1.04,984,,,,,,,,,,
2021-03-19 10:38:00,2021-03-19 10:52:00,XAUUSD,Buy,0.19,1736.5,0.0,1736.23,1736.5,27.0,4.27,00:00:14:00,0.15,985,,,,,,,,,,
2021-03-18 07:32:00,2021-03-18 07:35:00,XAUUSD,Buy,0.19,1740.27,0.0,1741.77,1740.27,-150.0,-29.36,00:00:03:00,-1.04,986,,,,,,,,,,
2021-03-17 12:10:00,2021-03-17 12:24:00,XAUUSD,Buy,0.19,1730.2,0.0,1728.53,1730.2,167.0,30.87,00:00:14:00,1.1,987,,,,,,,,,,
2021-03-16 15:40:00,2021-03-16 15:48:00,XAUUSD,Buy,0.19,1727.03,0.0,1728.53,1727.03,-150.0,-29.36,00:00:08:00,-1.04,988,,,,,,,,,,
2021-03-12 03:18:00,2021-03-12 05:34:00,XAUUSD,Buy,0.19,1719.0,0.0,1717.33,1719.0,167.0,30.87,00:02:16:00,1.1,989,,,,,,,,,,
2021-03-08 07:39:00,2021-03-08 08:22:00,XAUUSD,Buy,0.18,1700.1,0.0,1698.38,1700.1,172.0,30.15,00:00:43:00,1.09,990,,,,,,,,,,
2021-02-26 16:23:00,2021-02-26 16:29:00,XAUUSD,Buy,0.18,1721.8,0.0,1720.13,1721.8,167.0,29.25,00:00:06:00,1.07,991,,,,,,,,,,
2021-02-25 15:10:00,2021-02-25 15:11:00,XAUUSD,Buy,0.18,1775.7,0.0,1774.72,1775.7,98.0,16.83,00:00:01:00,0.62,992,,,,,,,,,,
2021-02-18 14:51:00,2021-02-18 15:02:00,XAUUSD,Buy,0.18,1773.22,0.0,1774.72,1773.22,-150.0,-27.81,00:00:11:00,-1.01,993,,,,,,,,,,
2021-02-16 17:13:00,2021-02-16 18:16:00,XAUUSD,Buy,0.18,1798.8,0.0,1793.62,1798.8,518.0,92.43,00:01:03:00,3.47,994,,,,,,,,,,
2021-02-05 14:07:00,2021-02-05 14:15:00,XAUUSD,Buy,0.18,1798.8,0.0,1797.12,1798.8,168.0,29.43,00:00:08:00,1.12,995,,,,,,,,,,
2021-02-04 14:04:00,2021-02-04 14:07:00,XAUUSD,Buy,0.18,1799.08,0.0,1800.58,1799.08,-150.0,-27.81,00:00:03:00,-1.04,996,,,,,,,,,,
2021-02-04 01:48:00,2021-02-04 01:52:00,XAUUSD,Buy,0.18,1825.02,0.0,1826.52,1825.02,-150.0,-27.81,00:00:04:00,-1.03,997,,,,,,,,,,
2021-01-28 17:08:00,2021-01-28 17:15:00,XAUUSD,Buy,0.18,1841.08,0.0,1842.58,1841.08,-150.0,-27.81,00:00:07:00,-1.02,998,,,,,,,,,,
2021-01-27 14:45:00,2021-01-27 14:50:00,XAUUSD,Buy,0.18,1835.2,0.0,1832.12,1835.2,308.0,54.63,00:00:05:00,2.05,999,,,,,,,,,,
2021-01-27 14:44:00,2021-01-27 14:44:00,XAUUSD,Buy,0.18,1831.98,0.0,1833.48,1831.98,-150.0,-27.81,00:00:00:00,-1.03,1000,,,,,,,,,,
2021-01-15 13:50:00,2021-01-15 13:54:00,XAUUSD,Buy,0.18,1836.88,0.0,1838.38,1836.88,-150.0,-27.81,00:00:04:00,-1.02,1001,,,,,,,,,,
2021-01-13 20:59:00,2021-01-13 21:48:00,XAUUSD,Buy,0.18,1846.02,0.0,1847.52,1846.02,-150.0,-27.81,00:00:49:00,-1.01,1002,,,,,,,,,,
2021-01-12 13:27:00,2021-01-12 13:34:00,XAUUSD,Buy,0.19,1848.12,0.0,1849.62,1848.12,-150.0,-29.36,00:00:07:00,-1.06,1003,,,,,,,,,,
2021-01-08 16:16:00,2021-01-08 16:19:00,XAUUSD,Buy,0.18,1859.7,0.0,1853.81,1859.7,589.0,105.21,00:00:03:00,3.94,1004,,,,,,,,,,
2021-01-08 14:45:00,2021-01-08 14:46:00,XAUUSD,Buy,0.18,1866.99,0.0,1868.49,1866.99,-150.0,-27.81,00:00:01:00,-1.03,1005,,,,,,,,,,
2021-01-08 08:09:00,2021-01-08 08:11:00,XAUUSD,Buy,0.18,1885.19,0.0,1886.69,1885.19,-150.0,-27.81,00:00:02:00,-1.02,1006,,,,,,,,,,
2021-01-07 14:44:00,2021-01-07 14:52:00,XAUUSD,Buy,0.18,1912.9,0.0,1908.39,1912.9,451.0,80.37,00:00:08:00,3.04,1007,,,,,,,,,,
2021-01-06 12:00:00,2021-01-06 12:04:00,XAUUSD,Buy,0.17,1947.9,0.0,1945.49,1947.9,241.0,40.2,00:00:04:00,1.54,1008,,,,,,,,,,
2021-01-04 15:18:00,2021-01-04 15:29:00,XAUUSD,Buy,0.17,1935.3,0.0,1931.49,1935.3,381.0,64.0,00:00:11:00,2.52,1009,,,,,,,,,,
2020-12-28 15:58:00,2020-12-28 16:16:00,XAUUSD,Buy,0.17,1880.7,0.0,1880.41,1880.7,29.0,4.16,00:00:18:00,0.16,1010,,,,,,,,,,
2020-12-28 15:55:00,2020-12-28 15:56:00,XAUUSD,Buy,0.17,1880.29,0.0,1881.79,1880.29,-150.0,-26.27,00:00:01:00,-1.02,1011,,,,,,,,,,
2020-12-22 16:01:00,2020-12-22 16:35:00,XAUUSD,Buy,0.17,1866.0,0.0,1861.51,1866.0,449.0,75.56,00:00:34:00,3.04,1012,,,,,,,,,,
2020-12-09 04:13:00,2020-12-09 05:35:00,XAUUSD,Buy,0.16,1859.7,0.0,1856.61,1859.7,309.0,48.72,00:01:22:00,2.0,1013,,,,,,,,,,
2020-12-08 15:03:00,2020-12-08 15:16:00,XAUUSD,Buy,0.16,1868.8,0.0,1863.61,1868.8,519.0,82.32,00:00:13:00,3.49,1014,,,,,,,,,,
2020-11-27 13:34:00,2020-11-27 13:40:00,XAUUSD,Buy,0.15,1785.5,0.0,1783.12,1785.5,238.0,35.02,00:00:06:00,1.51,1015,,,,,,,,,,
2020-11-18 19:24:00,2020-11-18 20:13:00,XAUUSD,Buy,0.15,1873.0,0.0,1872.71,1873.0,29.0,3.67,00:00:49:00,0.16,1016,,,,,,,,,,
2020-11-16 19:28:00,2020-11-17 00:34:00,XAUUSD,Buy,0.15,1889.8,0.0,1886.71,1889.8,309.0,33.79,00:05:06:00,1.48,1017,,,,,,,,,,
2020-11-11 13:45:00,2020-11-11 13:54:00,XAUUSD,Buy,0.15,1862.11,0.0,1863.61,1862.11,-150.0,-23.18,00:00:09:00,-1.0,1018,,,,,,,,,,
2020-11-10 09:55:00,2020-11-10 10:02:00,XAUUSD,Buy,0.15,1877.2,0.0,1875.51,1877.2,169.0,24.67,00:00:07:00,1.08,1019,,,,,,,,,,
2020-11-09 14:48:00,2020-11-09 14:52:00,XAUUSD,Buy,0.15,1870.2,0.0,1869.21,1870.2,99.0,14.17,00:00:04:00,0.62,1020,,,,,,,,,,
2020-11-09 13:39:00,2020-11-09 13:40:00,XAUUSD,Buy,0.15,1876.79,0.0,1878.29,1876.79,-150.0,-23.18,00:00:01:00,-1.01,1021,,,,,,,,,,
2020-11-04 15:54:00,2020-11-04 16:07:00,XAUUSD,Buy,0.15,1900.3,0.0,1900.71,1900.3,-41.0,-6.83,00:00:13:00,-0.3,1022,,,,,,,,,,
2020-11-04 02:25:00,2020-11-04 02:28:00,XAUUSD,Buy,0.15,1895.4,0.0,1892.29,1895.4,311.0,45.97,00:00:03:00,2.04,1023,,,,,,,,,,
2020-10-28 11:18:00,2020-10-28 11:20:00,XAUUSD,Buy,0.15,1892.91,0.0,1894.41,1892.91,-150.0,-23.18,00:00:02:00,-1.02,1024,,,,,,,,,,
2020-10-20 03:02:00,2020-10-20 04:23:00,XAUUSD,Buy,0.14,1902.4,0.0,1895.11,1902.4,729.0,101.43,00:01:21:00,4.67,1025,,,,,,,,,,
2020-10-02 03:57:00,2020-10-02 04:34:00,XAUUSD,Buy,0.14,1894.0,0.0,1893.01,1894.0,99.0,13.23,00:00:37:00,0.61,1026,,,,,,,,,,
2020-09-30 18:21:00,2020-09-30 18:43:00,XAUUSD,Buy,0.14,1893.3,0.0,1888.81,1893.3,449.0,62.23,00:00:22:00,2.97,1027,,,,,,,,,,
2020-09-23 07:15:00,2020-09-23 07:18:00,XAUUSD,Buy,0.14,1875.41,0.0,1876.91,1875.41,-150.0,-21.63,00:00:03:00,-1.02,1028,,,,,,,,,,
2020-09-23 05:17:00,2020-09-23 05:21:00,XAUUSD,Buy,0.14,1889.1,0.0,1888.11,1889.1,99.0,13.23,00:00:04:00,0.63,1029,,,,,,,,,,
2020-09-22 15:00:00,2020-09-22 15:07:00,XAUUSD,Buy,0.14,1910.1,0.0,1906.31,1910.1,379.0,52.43,00:00:07:00,2.55,1030,,,,,,,,,,
2020-09-22 02:22:00,2020-09-22 02:29:00,XAUUSD,Buy,0.13,1910.1,0.0,1907.71,1910.1,239.0,30.48,00:00:07:00,1.51,1031,,,,,,,,,,
2020-09-21 15:24:00,2020-09-21 15:25:00,XAUUSD,Buy,0.14,1897.09,0.0,1898.59,1897.09,-150.0,-21.63,00:00:01:00,-1.06,1032,,,,,,,,,,
2020-09-21 09:51:00,2020-09-21 10:01:00,XAUUSD,Buy,0.14,1937.4,0.0,1937.09,1937.4,31.0,3.71,00:00:10:00,0.18,1033,,,,,,,,,,
2020-09-16 19:53:00,2020-09-16 19:57:00,XAUUSD,Buy,0.14,1954.2,0.0,1954.6,1954.2,-40.0,-6.23,00:00:04:00,-0.3,1034,,,,,,,,,,
2020-09-15 14:56:00,2020-09-15 15:00:00,XAUUSD,Buy,0.14,1953.8,0.0,1955.31,1953.8,-151.0,-21.77,00:00:04:00,-1.05,1035,,,,,,,,,,
2020-09-09 12:00:00,2020-09-09 12:15:00,XAUUSD,Buy,0.14,1920.21,0.0,1921.71,1920.21,-150.0,-21.63,00:00:15:00,-1.03,1036,,,,,,,,,,
2020-09-08 11:14:00,2020-09-08 11:27:00,XAUUSD,Buy,0.14,1916.4,0.0,1911.91,1916.4,449.0,62.23,00:00:13:00,3.07,1037,,,,,,,,,,
2020-09-03 16:23:00,2020-09-03 16:29:00,XAUUSD,Buy,0.13,1925.5,0.0,1923.81,1925.5,169.0,21.38,00:00:06:00,1.06,1038,,,,,,,,,,
2020-09-01 15:02:00,2020-09-01 15:03:00,XAUUSD,Buy,0.14,1970.59,0.0,1972.1,1970.59,-151.0,-21.77,00:00:01:00,-1.07,1039,,,,,,,,,,
2020-08-31 08:48:00,2020-08-31 09:03:00,XAUUSD,Buy,0.13,1957.7,0.0,1955.31,1957.7,239.0,30.48,00:00:15:00,1.52,1040,,,,,,,,,,
2020-08-27 14:25:00,2020-08-27 14:30:00,XAUUSD,Buy,0.13,1969.6,0.0,1964.4,1969.6,520.0,67.01,00:00:05:00,3.47,1041,,,,,,,,,,
2020-08-24 15:35:00,2020-08-24 15:40:00,XAUUSD,Buy,0.13,1937.4,0.0,1936.41,1937.4,99.0,12.28,00:00:05:00,0.64,1042,,,,,,,,,,
2020-08-20 08:54:00,2020-08-20 09:11:00,XAUUSD,Buy,0.13,1933.49,0.0,1934.99,1933.49,-150.0,-20.09,00:00:17:00,-1.04,1043,,,,,,,,,,
2020-08-19 03:07:00,2020-08-19 03:22:00,XAUUSD,Buy,0.13,1994.1,0.0,1991.01,1994.1,309.0,39.58,00:00:15:00,2.08,1044,,,,,,,,,,
2020-08-18 15:07:00,2020-08-18 15:09:00,XAUUSD,Buy,0.13,1995.09,0.0,1996.6,1995.09,-151.0,-20.22,00:00:02:00,-1.05,1045,,,,,,,,,,
2020-08-14 17:39:00,2020-08-14 17:47:00,XAUUSD,Buy,0.13,1936.7,0.0,1935.71,1936.7,99.0,12.28,00:00:08:00,0.64,1046,,,,,,,,,,
2020-08-12 03:54:00,2020-08-12 03:56:00,XAUUSD,Buy,0.13,1887.7,0.0,1886.71,1887.7,99.0,12.28,00:00:02:00,0.65,1047,,,,,,,,,,
2020-08-12 00:58:00,2020-08-12 01:07:00,XAUUSD,Buy,0.12,1917.1,0.0,1907.01,1917.1,1009.0,120.54,00:00:09:00,6.79,1048,,,,,,,,,,
2020-08-12 00:19:00,2020-08-12 00:19:00,XAUUSD,Buy,0.12,1914.59,0.0,1916.09,1914.59,-150.0,-18.54,00:00:00:00,-1.03,1049,,,,,,,,,,
2020-08-11 16:30:00,2020-08-11 16:39:00,XAUUSD,Buy,0.12,1944.4,0.0,1943.41,1944.4,99.0,11.34,00:00:09:00,0.64,1050,,,,,,,,,,
2020-08-11 15:03:00,2020-08-11 15:14:00,XAUUSD,Buy,0.11,1950.0,0.0,1940.61,1950.0,939.0,102.79,00:00:11:00,6.12,1051,,,,,,,,,,
2020-08-11 12:19:00,2020-08-11 12:24:00,XAUUSD,Buy,0.11,1980.8,0.0,1978.41,1980.8,239.0,25.79,00:00:05:00,1.56,1052,,,,,,,,,,
2020-08-11 06:46:00,2020-08-11 06:54:00,XAUUSD,Buy,0.11,2009.5,0.0,2007.1,2009.5,240.0,25.9,00:00:08:00,1.59,1053,,,,,,,,,,
2020-08-07 15:04:00,2020-08-07 15:06:00,XAUUSD,Buy,0.11,2033.59,0.0,2035.1,2033.59,-151.0,-17.11,00:00:02:00,-1.04,1054,,,,,,,,,,
2020-08-05 16:02:00,2020-08-05 16:11:00,XAUUSD,Buy,0.11,2048.0,0.0,2043.51,2048.0,449.0,48.89,00:00:09:00,3.06,1055,,,,,,,,,,
2020-08-05 01:37:00,2020-08-05 01:37:00,XAUUSD,Buy,0.11,2013.29,0.0,2014.8,2013.29,-151.0,-17.11,00:00:00:00,-1.06,1056,,,,,,,,,,
2020-07-31 08:05:00,2020-07-31 08:07:00,XAUUSD,Buy,0.11,1973.1,0.0,1972.8,1973.1,30.0,2.8,00:00:02:00,0.17,1057,,,,,,,,,,
2020-07-28 04:05:00,2020-07-28 04:06:00,XAUUSD,Buy,0.1,1950.0,0.0,1945.49,1950.0,451.0,44.65,00:00:01:00,2.85,1058,,,,,,,,,,
2020-07-23 19:17:00,2020-07-23 19:20:00,XAUUSD,Buy,0.1,1880.7,0.0,1879.71,1880.7,99.0,9.45,00:00:03:00,0.61,1059,,,,,,,,,,
2020-07-22 08:36:00,2020-07-22 08:44:00,XAUUSD,Buy,0.1,1855.5,0.0,1851.71,1855.5,379.0,37.45,00:00:08:00,2.46,1060,,,,,,,,,,
2020-07-14 11:20:00,2020-07-14 11:51:00,XAUUSD,Buy,0.1,1793.9,0.0,1791.52,1793.9,238.0,23.35,00:00:31:00,1.56,1061,,,,,,,,,,
2020-07-09 16:05:00,2020-07-09 16:06:00,XAUUSD,Buy,0.1,1797.02,0.0,1798.52,1797.02,-150.0,-15.45,00:00:01:00,-1.02,1062,,,,,,,,,,
2020-07-02 14:05:00,2020-07-02 14:15:00,XAUUSD,Buy,0.1,1764.5,0.0,1757.92,1764.5,658.0,65.35,00:00:10:00,4.52,1063,,,,,,,,,,
2020-06-16 14:15:00,2020-06-16 14:31:00,XAUUSD,Buy,0.09,1723.2,0.0,1717.33,1723.2,587.0,52.42,00:00:16:00,3.76,1064,,,,,,,,,,
2020-06-15 10:37:00,2020-06-15 11:10:00,XAUUSD,Buy,0.09,1712.27,0.0,1713.77,1712.27,-150.0,-13.91,00:00:33:00,-0.99,1065,,,,,,,,,,
2020-05-11 15:18:00,2020-05-11 15:20:00,XAUUSD,Buy,0.09,1696.93,0.0,1698.43,1696.93,-150.0,-13.91,00:00:02:00,-0.98,1066,,,,,,,,,,
2020-05-01 07:02:00,2020-05-01 07:14:00,XAUUSD,Buy,0.09,1674.9,0.0,1671.13,1674.9,377.0,33.52,00:00:12:00,2.41,1067,,,,,,,,,,
2020-04-21 12:33:00,2020-04-21 12:35:00,XAUUSD,Buy,0.09,1669.3,0.0,1667.57,1669.3,173.0,15.16,00:00:02:00,1.1,1068,,,,,,,,,,
2020-04-17 07:04:00,2020-04-17 07:08:00,XAUUSD,Buy,0.09,1687.13,0.0,1688.63,1687.13,-150.0,-13.91,00:00:04:00,-1.0,1069,,,,,,,,,,
2020-04-17 07:03:00,2020-04-17 07:04:00,XAUUSD,Buy,0.09,1688.47,0.0,1689.97,1688.47,-150.0,-13.91,00:00:01:00,-0.99,1070,,,,,,,,,,
2020-04-16 13:34:00,2020-04-16 13:37:00,XAUUSD,Buy,0.09,1732.3,0.0,1729.93,1732.3,237.0,20.92,00:00:03:00,1.52,1071,,,,,,,,,,
2020-04-15 03:35:00,2020-04-15 04:03:00,XAUUSD,Buy,0.09,1720.03,0.0,1721.53,1720.03,-150.0,-13.91,00:00:28:00,-1.0,1072,,,,,,,,,,
2020-04-14 15:58:00,2020-04-14 15:59:00,XAUUSD,Buy,0.09,1732.3,0.0,1731.97,1732.3,33.0,2.56,00:00:01:00,0.18,1073,,,,,,,,,,
2020-04-09 15:23:00,2020-04-09 15:24:00,XAUUSD,Buy,0.09,1671.03,0.0,1672.53,1671.03,-150.0,-13.91,00:00:01:00,-0.99,1074,,,,,,,,,,
2020-04-08 15:10:00,2020-04-08 15:18:00,XAUUSD,Buy,0.09,1648.3,0.0,1647.34,1648.3,96.0,8.23,00:00:08:00,0.59,1075,,,,,,,,,,
2020-04-02 02:02:00,2020-04-02 02:08:00,XAUUSD,Buy,0.09,1585.3,0.0,1584.34,1585.3,96.0,8.23,00:00:06:00,0.59,1076,,,,,,,,,,
2020-03-30 01:57:00,2020-03-30 02:00:00,XAUUSD,Buy,0.09,1616.44,0.0,1617.94,1616.44,-150.0,-13.91,00:00:03:00,-0.99,1077,,,,,,,,,,
2020-03-26 19:19:00,2020-03-26 19:25:00,XAUUSD,Buy,0.09,1618.2,0.0,1616.46,1618.2,174.0,15.25,00:00:06:00,1.1,1078,,,,,,,,,,
2020-03-26 19:14:00,2020-03-26 19:17:00,XAUUSD,Buy,0.09,1618.46,0.0,1619.96,1618.46,-150.0,-13.91,00:00:03:00,-0.99,1079,,,,,,,,,,
2020-03-24 11:18:00,2020-03-24 11:19:00,XAUUSD,Buy,0.09,1586.0,0.0,1586.44,1586.0,-44.0,-4.37,00:00:01:00,-0.31,1080,,,,,,,,,,
2020-03-18 12:21:00,2020-03-18 12:23:00,XAUUSD,Buy,0.09,1505.5,0.0,1503.05,1505.5,245.0,21.64,00:00:02:00,1.56,1081,,,,,,,,,,
2020-03-17 01:54:00,2020-03-17 01:56:00,XAUUSD,Buy,0.09,1499.9,0.0,1498.85,1499.9,105.0,9.04,00:00:02:00,0.66,1082,,,,,,,,,,
2020-03-16 15:42:00,2020-03-16 15:45:00,XAUUSD,Buy,0.09,1509.7,0.0,1507.25,1509.7,245.0,21.64,00:00:03:00,1.6,1083,,,,,,,,,,
2020-03-16 01:06:00,2020-03-16 01:08:00,XAUUSD,Buy,0.09,1536.3,0.0,1532.45,1536.3,385.0,34.24,00:00:02:00,2.6,1084,,,,,,,,,,
2020-03-13 16:15:00,2020-03-13 16:18:00,XAUUSD,Buy,0.09,1532.8,0.0,1530.45,1532.8,235.0,20.74,00:00:03:00,1.6,1085,,,,,,,,,,
2020-03-12 18:30:00,2020-03-12 18:31:00,XAUUSD,Buy,0.09,1577.16,0.0,1578.66,1577.16,-150.0,-13.91,00:00:01:00,-1.06,1086,,,,,,,,,,
2020-03-12 14:16:00,2020-03-12 14:16:00,XAUUSD,Buy,0.09,1579.26,0.0,1580.76,1579.26,-150.0,-13.91,00:00:00:00,-1.05,1087,,,,,,,,,,
2020-03-12 13:38:00,2020-03-12 13:40:00,XAUUSD,Buy,0.09,1591.6,0.0,1589.16,1591.6,244.0,21.55,00:00:02:00,1.65,1088,,,,,,,,,,
2020-03-06 15:28:00,2020-03-06 15:30:00,XAUUSD,Buy,0.08,1652.5,0.0,1643.76,1652.5,874.0,69.56,00:00:02:00,5.63,1089,,,,,,,,,,
2020-03-06 13:35:00,2020-03-06 13:38:00,XAUUSD,Buy,0.08,1674.2,0.0,1671.83,1674.2,237.0,18.6,00:00:03:00,1.53,1090,,,,,,,,,,
2020-03-04 13:40:00,2020-03-04 14:07:00,XAUUSD,Buy,0.08,1641.3,0.0,1637.54,1641.3,376.0,29.72,00:00:27:00,2.5,1091,,,,,,,,,,
2020-03-04 07:18:00,2020-03-04 07:40:00,XAUUSD,Buy,0.08,1635.7,0.0,1633.96,1635.7,174.0,13.56,00:00:22:00,1.16,1092,,,,,,,,,,
2020-02-28 15:34:00,2020-02-28 15:36:00,XAUUSD,Buy,0.08,1596.06,0.0,1597.56,1596.06,-150.0,-12.36,00:00:02:00,-1.04,1093,,,,,,,,,,
2020-02-27 16:06:00,2020-02-27 16:08:00,XAUUSD,Buy,0.08,1646.2,0.0,1643.76,1646.2,244.0,19.16,00:00:02:00,1.64,1094,,,,,,,,,,
2020-02-26 14:43:00,2020-02-26 14:59:00,XAUUSD,Buy,0.07,1635.0,0.0,1625.64,1635.0,936.0,65.2,00:00:16:00,5.92,1095,,,,,,,,,,
2020-02-26 13:47:00,2020-02-26 13:53:00,XAUUSD,Buy,0.07,1632.9,0.0,1632.64,1632.9,26.0,1.5,00:00:06:00,0.14,1096,,,,,,,,,,
2020-02-24 19:29:00,2020-02-24 19:30:00,XAUUSD,Buy,0.07,1655.57,0.0,1657.07,1655.57,-150.0,-10.82,00:00:01:00,-0.97,1097,,,,,,,,,,
2020-02-11 15:50:00,2020-02-11 17:17:00,XAUUSD,Buy,0.07,1566.4,0.0,1563.34,1566.4,306.0,21.1,00:01:27:00,1.94,1098,,,,,,,,,,
2020-02-11 05:42:00,2020-02-11 08:00:00,XAUUSD,Buy,0.07,1567.8,0.0,1567.54,1567.8,26.0,1.5,00:02:18:00,0.14,1099,,,,,,,,,,
2020-02-05 08:41:00,2020-02-05 08:54:00,XAUUSD,Buy,0.07,1555.9,0.0,1553.54,1555.9,236.0,16.2,00:00:13:00,1.51,1100,,,,,,,,,,
2020-01-28 15:39:00,2020-01-28 16:16:00,XAUUSD,Buy,0.07,1569.9,0.0,1568.94,1569.9,96.0,6.4,00:00:37:00,0.6,1101,,,,,,,,,,
2020-01-14 00:12:00,2020-01-14 01:00:00,XAUUSD,Buy,0.07,1541.9,0.0,1542.35,1541.9,-45.0,-3.47,00:00:48:00,-0.32,1102,,,,,,,,,,
2020-01-13 09:08:00,2020-01-13 13:29:00,XAUUSD,Buy,0.07,1553.8,0.0,1547.25,1553.8,655.0,45.53,00:04:21:00,4.45,1103,,,,,,,,,,
2020-01-08 16:45:00,2020-01-08 16:48:00,XAUUSD,Buy,0.07,1556.6,0.0,1554.86,1556.6,174.0,11.86,00:00:03:00,1.17,1104,,,,,,,,,,
2020-01-07 02:11:00,2020-01-07 02:56:00,XAUUSD,Buy,0.07,1558.7,0.0,1557.04,1558.7,166.0,11.3,00:00:45:00,1.13,1105,,,,,,,,,,
