{
  "method": "scratch_xgboost",
  "generated_at": "2026-04-08T09:15:21.177417",
  "computation_time_s": 92.8,
  "candles_analyzed": 256630,
  "base_win_rate": 0.306,
  "entry_timeframe": "H4",
  "sl_pips": 150.0,
  "tp_pips": 300.0,
  "direction": "BOTH",
  "max_hold_candles": 100,
  "spread_pips": 2.5,
  "features_used": 625,
  "original_features": 570,
  "smart_features": 55,
  "interaction_features": 0,
  "discovery_mode": "quick",
  "enhancements_used": {},
  "rules": [],
  "model_metrics": {
    "train_accuracy": 0.7114,
    "test_accuracy": 0.6006,
    "feature_importance_top_20": [
      [
        "H4_atr_14",
        0.027781367301940918
      ],
      [
        "H1_atr_28",
        0.027185659855604172
      ],
      [
        "SMART_H4_rsi_14_direction",
        0.026547670364379883
      ],
      [
        "D1_atr_28",
        0.02494596131145954
      ],
      [
        "M5_vwap",
        0.02265181392431259
      ],
      [
        "M5_atr_7",
        0.022047534584999084
      ],
      [
        "H4_vwap",
        0.02032262645661831
      ],
      [
        "H1_atr_100",
        0.01925433985888958
      ],
      [
        "H1_atr_7",
        0.018429022282361984
      ],
      [
        "D1_vwap",
        0.017317671328783035
      ],
      [
        "H1_vwap",
        0.01417841762304306
      ],
      [
        "H1_psar",
        0.013186630792915821
      ],
      [
        "H4_atr_100",
        0.012985745444893837
      ],
      [
        "SMART_H1_rsi_14_direction",
        0.012234736233949661
      ],
      [
        "M15_vwap",
        0.012085242196917534
      ],
      [
        "H1_vpt",
        0.00951444637030363
      ],
      [
        "SMART_rsi_h4_minus_h1",
        0.009439541026949883
      ],
      [
        "M5_std_dev_20",
        0.00929621048271656
      ],
      [
        "M5_atr_100",
        0.008944311179220676
      ],
      [
        "H4_roc_1",
        0.008871769532561302
      ]
    ],
    "discovery_mode": "quick",
    "n_estimators": 300,
    "max_depth": 4
  },
  "profile": {
    "method": "Scratch Discovery (no robot needed)",
    "candles_analyzed": 256630,
    "feature_count": 625
  }
}